"name"	"taxRank"	"taxID"	"Max"	"ERR14789028.cladeReads"	"ERR14789029.cladeReads"	"ERR14789030.cladeReads"	"ERR14789031.cladeReads"	"ERR14789032.cladeReads"	"ERR14789033.cladeReads"	"ERR14789038.cladeReads"	"ERR14789039.cladeReads"	"ERR14789040.cladeReads"	"ERR14789041.cladeReads"	"ERR14789042.cladeReads"	"ERR14789368.cladeReads"	"ERR14789369.cladeReads"	"ERR14789370.cladeReads"	"ERR14789371.cladeReads"	"ERR14789372.cladeReads"	"ERR14789378.cladeReads"	"ERR14789379.cladeReads"	"ERR14789380.cladeReads"	"ERR14789381.cladeReads"	"ERR14789382.cladeReads"	"lineage"
"root><wbr>...><wbr>Mamastrovirus hominis"	"S"	3430629	22259	7797	6588	3809	5840	3018	5221	5079	4978	13008	2290	2617	18	21	22259	1786	2037	1085	NA	4078	NA	7089	"Viruses>Riboviria>Orthornavirae>Pisuviricota>Stelpaviricetes>Stellavirales>Astroviridae>Mamastrovirus"
"root><wbr>...><wbr>Feline astrovirus 2"	"S"	1389204	807	533	807	271	649	284	326	180	343	684	78	47	NA	NA	769	69	NA	26	NA	452	NA	480	"Viruses>Riboviria>Orthornavirae>Pisuviricota>Stelpaviricetes>Stellavirales>Astroviridae>Mamastrovirus>unclassified&nbsp;Mamastrovirus"
"root><wbr>...><wbr>Canine astrovirus"	"S"	1157338	573	524	573	82	288	164	62	102	154	246	114	322	NA	NA	242	83	262	47	NA	203	NA	78	"Viruses>Riboviria>Orthornavirae>Pisuviricota>Stelpaviricetes>Stellavirales>Astroviridae>Mamastrovirus>unclassified&nbsp;Mamastrovirus"
"root><wbr>...><wbr>Porcine astrovirus 4"	"S"	1105379	633	504	633	111	319	425	NA	158	163	537	146	420	NA	NA	314	86	350	64	NA	297	NA	NA	"Viruses>Riboviria>Orthornavirae>Pisuviricota>Stelpaviricetes>Stellavirales>Astroviridae>Mamastrovirus>unclassified&nbsp;Mamastrovirus"
"root><wbr>...><wbr>HMO Astrovirus A"	"S"	682382	656	347	292	164	283	332	177	207	208	656	62	253	NA	NA	639	45	202	33	NA	232	NA	213	"Viruses>Riboviria>Orthornavirae>Pisuviricota>Stelpaviricetes>Stellavirales>Astroviridae>Mamastrovirus>unclassified&nbsp;Mamastrovirus"
"root><wbr>...><wbr>Astrovirus wild boar/WBAstV-1/2011/HUN"	"S"	1137931	437	318	322	63	291	282	NA	223	94	437	98	36	NA	NA	289	72	41	130	NA	180	NA	NA	"Viruses>Riboviria>Orthornavirae>Pisuviricota>Stelpaviricetes>Stellavirales>Astroviridae>Mamastrovirus>unclassified&nbsp;Mamastrovirus"
"root><wbr>...><wbr>Porcine astrovirus 2"	"S"	1105378	116	116	108	39	13	50	NA	31	50	37	15	NA	NA	NA	37	16	NA	NA	NA	NA	NA	NA	"Viruses>Riboviria>Orthornavirae>Pisuviricota>Stelpaviricetes>Stellavirales>Astroviridae>Mamastrovirus>unclassified&nbsp;Mamastrovirus"
"root><wbr>...><wbr>Rabbit astrovirus TN/2208/2010"	"S"	1161132	94	70	94	NA	NA	NA	NA	NA	NA	10	NA	NA	NA	NA	NA	NA	NA	NA	NA	NA	NA	NA	"Viruses>Riboviria>Orthornavirae>Pisuviricota>Stelpaviricetes>Stellavirales>Astroviridae>Mamastrovirus>unclassified&nbsp;Mamastrovirus"
"root><wbr>...><wbr>Porcine astrovirus 3"	"S"	1254425	97	55	52	NA	11	33	78	51	34	40	35	NA	NA	NA	24	19	NA	24	NA	11	NA	97	"Viruses>Riboviria>Orthornavirae>Pisuviricota>Stelpaviricetes>Stellavirales>Astroviridae>Mamastrovirus>unclassified&nbsp;Mamastrovirus"
"root><wbr>...><wbr>Bovine astrovirus B76-2/HK"	"S"	1027247	70	63	70	NA	57	NA	NA	NA	NA	NA	NA	NA	NA	NA	NA	NA	NA	NA	NA	65	NA	NA	"Viruses>Riboviria>Orthornavirae>Pisuviricota>Stelpaviricetes>Stellavirales>Astroviridae>Mamastrovirus>unclassified&nbsp;Mamastrovirus"
"root><wbr>...><wbr>Dromedary astrovirus"	"S"	1662272	21	21	16	NA	18	NA	NA	10	NA	NA	NA	NA	NA	NA	NA	NA	NA	NA	NA	12	NA	NA	"Viruses>Riboviria>Orthornavirae>Pisuviricota>Stelpaviricetes>Stellavirales>Astroviridae>Mamastrovirus>unclassified&nbsp;Mamastrovirus"
"root><wbr>...><wbr>Mamastrovirus melbournense"	"S"	3430631	2559	1848	1740	374	212	482	387	1060	446	1670	548	1236	NA	NA	2559	453	970	441	NA	166	NA	483	"Viruses>Riboviria>Orthornavirae>Pisuviricota>Stelpaviricetes>Stellavirales>Astroviridae>Mamastrovirus"
"root><wbr>...><wbr>Mamastrovirus taphozoi"	"S"	3430638	168	138	64	37	65	NA	54	18	27	45	10	NA	NA	NA	168	NA	74	NA	NA	43	NA	63	"Viruses>Riboviria>Orthornavirae>Pisuviricota>Stelpaviricetes>Stellavirales>Astroviridae>Mamastrovirus"
"root><wbr>...><wbr>Mamastrovirus felis"	"S"	3430626	153	101	153	12	26	36	NA	45	15	83	NA	NA	NA	NA	NA	10	NA	NA	NA	NA	NA	NA	"Viruses>Riboviria>Orthornavirae>Pisuviricota>Stelpaviricetes>Stellavirales>Astroviridae>Mamastrovirus"
"root><wbr>...><wbr>Mamastrovirus virginiaense"	"S"	3430641	226	42	38	24	67	13	NA	11	32	97	27	226	NA	NA	174	21	196	NA	NA	54	NA	NA	"Viruses>Riboviria>Orthornavirae>Pisuviricota>Stelpaviricetes>Stellavirales>Astroviridae>Mamastrovirus"
"root><wbr>...><wbr>Mamastrovirus canis"	"S"	3430625	299	47	59	NA	38	30	NA	42	20	85	NA	282	NA	NA	109	NA	299	NA	NA	27	NA	NA	"Viruses>Riboviria>Orthornavirae>Pisuviricota>Stelpaviricetes>Stellavirales>Astroviridae>Mamastrovirus"
"root><wbr>...><wbr>Mamastrovirus suis"	"S"	3430637	57	10	NA	NA	11	27	41	NA	NA	NA	NA	NA	NA	NA	NA	NA	NA	NA	NA	13	NA	57	"Viruses>Riboviria>Orthornavirae>Pisuviricota>Stelpaviricetes>Stellavirales>Astroviridae>Mamastrovirus"
"root><wbr>...><wbr>Human astrovirus"	"S"	1868658	17684	2508	2466	1850	1814	1209	2205	2394	2465	8909	1532	2373	12	10	17684	1252	1748	1707	NA	1442	NA	2740	"Viruses>Riboviria>Orthornavirae>Pisuviricota>Stelpaviricetes>Stellavirales>Astroviridae>unclassified&nbsp;Astroviridae"
"root><wbr>...><wbr>Astrovirus MLB3"	"S"	1247114	798	429	440	232	64	134	216	106	271	582	66	136	NA	NA	798	64	130	47	NA	53	NA	266	"Viruses>Riboviria>Orthornavirae>Pisuviricota>Stelpaviricetes>Stellavirales>Astroviridae>unclassified&nbsp;Astroviridae"
"root><wbr>...><wbr>Porcine astrovirus 5"	"S"	1093928	432	372	260	31	86	NA	NA	432	22	42	NA	94	NA	NA	100	NA	99	59	NA	46	NA	36	"Viruses>Riboviria>Orthornavirae>Pisuviricota>Stelpaviricetes>Stellavirales>Astroviridae>unclassified&nbsp;Astroviridae"
"root><wbr>...><wbr>Astrovirus VA3"	"S"	683174	160	160	137	70	15	29	17	64	84	70	21	NA	NA	NA	90	21	NA	NA	NA	13	NA	22	"Viruses>Riboviria>Orthornavirae>Pisuviricota>Stelpaviricetes>Stellavirales>Astroviridae>unclassified&nbsp;Astroviridae"
"root><wbr>...><wbr>Astrovirus MLB2"	"S"	683172	496	154	111	218	133	27	65	143	250	311	41	122	NA	NA	496	35	116	147	NA	118	NA	64	"Viruses>Riboviria>Orthornavirae>Pisuviricota>Stelpaviricetes>Stellavirales>Astroviridae>unclassified&nbsp;Astroviridae"
"root><wbr>...><wbr>Avastrovirus intestini"	"S"	3426506	113	41	113	NA	NA	NA	NA	NA	NA	NA	NA	NA	NA	NA	NA	NA	NA	NA	NA	NA	NA	NA	"Viruses>Riboviria>Orthornavirae>Pisuviricota>Stelpaviricetes>Stellavirales>Astroviridae>Avastrovirus"
"root><wbr>...><wbr>Salivirus FHB"	"S"	1547495	24438	4984	7125	2493	4603	1433	2030	13377	3868	7715	2277	5405	10	10	12867	1776	4467	24438	NA	3423	NA	2902	"Viruses>Riboviria>Orthornavirae>Pisuviricota>Pisoniviricetes>Picornavirales>Picornaviridae>Kodimesavirinae>Salivirus>unclassified&nbsp;Salivirus"
"root><wbr>...><wbr>Salivirus aklasse"	"S"	3432241	1486	394	309	204	243	110	146	943	197	332	84	387	NA	NA	609	124	134	1486	NA	235	NA	167	"Viruses>Riboviria>Orthornavirae>Pisuviricota>Pisoniviricetes>Picornavirales>Picornaviridae>Kodimesavirinae>Salivirus"
"root><wbr>...><wbr>Canine kobuvirus"	"S"	1836608	891	334	633	163	271	40	47	396	259	190	60	891	NA	NA	252	38	488	750	NA	181	NA	50	"Viruses>Riboviria>Orthornavirae>Pisuviricota>Pisoniviricetes>Picornavirales>Picornaviridae>Kodimesavirinae>Kobuvirus>unclassified&nbsp;Kobuvirus"
"root><wbr>...><wbr>Mouse kobuvirus M-5/USA/2010"	"S"	1074213	69	24	13	NA	44	NA	NA	28	NA	23	NA	69	NA	NA	11	NA	NA	54	NA	18	NA	NA	"Viruses>Riboviria>Orthornavirae>Pisuviricota>Pisoniviricetes>Picornavirales>Picornaviridae>Kodimesavirinae>Kobuvirus>unclassified&nbsp;Kobuvirus"
"root><wbr>...><wbr>Kobuvirus aichi"	"S"	72149	724	301	724	57	117	15	NA	221	124	201	20	53	NA	NA	424	NA	164	275	NA	133	NA	NA	"Viruses>Riboviria>Orthornavirae>Pisuviricota>Pisoniviricetes>Picornavirales>Picornaviridae>Kodimesavirinae>Kobuvirus"
"root><wbr>...><wbr>Kobuvirus bejaponia"	"S"	194965	314	113	181	NA	314	NA	29	186	47	42	NA	NA	NA	NA	NA	NA	NA	221	NA	198	NA	38	"Viruses>Riboviria>Orthornavirae>Pisuviricota>Pisoniviricetes>Picornavirales>Picornaviridae>Kodimesavirinae>Kobuvirus"
"root><wbr>...><wbr>Kobuvirus cebes"	"S"	1298633	195	48	16	81	43	NA	NA	97	132	19	165	NA	NA	NA	45	135	NA	195	NA	35	NA	NA	"Viruses>Riboviria>Orthornavirae>Pisuviricota>Pisoniviricetes>Picornavirales>Picornaviridae>Kodimesavirinae>Kobuvirus"
"root><wbr>...><wbr>Rosavirus brorati"	"S"	3432190	406	347	406	98	150	135	159	217	139	156	44	NA	NA	NA	48	25	NA	225	NA	129	NA	249	"Viruses>Riboviria>Orthornavirae>Pisuviricota>Pisoniviricetes>Picornavirales>Picornaviridae>Kodimesavirinae>Rosavirus"
"root><wbr>...><wbr>Sicinivirus ahiberni"	"S"	3432442	153	129	127	49	82	52	42	106	78	148	67	NA	NA	NA	130	51	NA	153	NA	60	NA	17	"Viruses>Riboviria>Orthornavirae>Pisuviricota>Pisoniviricetes>Picornavirales>Picornaviridae>Kodimesavirinae>Sicinivirus"
"root><wbr>...><wbr>Dicipivirus acadici"	"S"	3428295	28	20	28	12	NA	NA	NA	14	22	NA	NA	27	NA	NA	NA	NA	15	18	NA	NA	NA	NA	"Viruses>Riboviria>Orthornavirae>Pisuviricota>Pisoniviricetes>Picornavirales>Picornaviridae>Kodimesavirinae>Dicipivirus"
"root><wbr>...><wbr>Cardiovirus ranori"	"S"	3427728	500	379	427	249	500	262	167	266	315	331	107	302	NA	NA	194	78	217	289	NA	404	NA	194	"Viruses>Riboviria>Orthornavirae>Pisuviricota>Pisoniviricetes>Picornavirales>Picornaviridae>Caphthovirinae>Cardiovirus"
"root><wbr>...><wbr>Cardiovirus saffoldi"	"S"	3427731	321	176	321	17	67	49	NA	82	74	27	19	NA	NA	NA	NA	NA	NA	82	NA	28	NA	82	"Viruses>Riboviria>Orthornavirae>Pisuviricota>Pisoniviricetes>Picornavirales>Picornaviridae>Caphthovirinae>Cardiovirus"
"root><wbr>...><wbr>Cardiovirus theileri"	"S"	3427732	151	52	72	NA	22	75	27	42	27	151	11	NA	NA	NA	46	NA	NA	22	NA	NA	NA	NA	"Viruses>Riboviria>Orthornavirae>Pisuviricota>Pisoniviricetes>Picornavirales>Picornaviridae>Caphthovirinae>Cardiovirus"
"root><wbr>...><wbr>Hunnivirus amagyari"	"S"	3429868	446	431	446	123	223	113	86	222	177	186	141	223	NA	NA	166	115	172	164	NA	175	NA	109	"Viruses>Riboviria>Orthornavirae>Pisuviricota>Pisoniviricetes>Picornavirales>Picornaviridae>Caphthovirinae>Hunnivirus"
"root><wbr>...><wbr>Cosavirus asiani"	"S"	3428094	205	167	205	NA	94	30	60	55	NA	39	NA	NA	NA	NA	NA	NA	NA	NA	NA	85	NA	42	"Viruses>Riboviria>Orthornavirae>Pisuviricota>Pisoniviricetes>Picornavirales>Picornaviridae>Caphthovirinae>Cosavirus"
"root><wbr>...><wbr>Mischivirus defoxi"	"S"	3430896	94	30	18	18	NA	45	38	55	21	70	NA	NA	NA	NA	67	NA	NA	94	NA	NA	NA	36	"Viruses>Riboviria>Orthornavirae>Pisuviricota>Pisoniviricetes>Picornavirales>Picornaviridae>Caphthovirinae>Mischivirus"
"root><wbr>...><wbr>Enterovirus coxsackiepol"	"S"	3428505	934	412	212	100	240	501	64	634	192	934	403	214	NA	NA	611	225	185	299	NA	193	NA	88	"Viruses>Riboviria>Orthornavirae>Pisuviricota>Pisoniviricetes>Picornavirales>Picornaviridae>Ensavirinae>Enterovirus"
"root><wbr>...><wbr>Enterovirus deconjuncti"	"S"	3428506	279	129	139	64	90	105	279	178	73	71	57	NA	NA	NA	30	55	13	81	NA	75	NA	277	"Viruses>Riboviria>Orthornavirae>Pisuviricota>Pisoniviricetes>Picornavirales>Picornaviridae>Ensavirinae>Enterovirus"
"root><wbr>...><wbr>Enterovirus alphacoxsackie"	"S"	3428500	251	58	29	29	102	57	56	195	70	108	30	56	NA	NA	187	45	NA	251	NA	44	NA	64	"Viruses>Riboviria>Orthornavirae>Pisuviricota>Pisoniviricetes>Picornavirales>Picornaviridae>Ensavirinae>Enterovirus"
"root><wbr>...><wbr>Enterovirus betacoxsackie"	"S"	3428502	277	50	34	NA	NA	21	NA	200	17	107	28	NA	NA	NA	168	48	NA	277	NA	NA	NA	NA	"Viruses>Riboviria>Orthornavirae>Pisuviricota>Pisoniviricetes>Picornavirales>Picornaviridae>Ensavirinae>Enterovirus"
"root><wbr>...><wbr>Enterovirus fitauri"	"S"	3428508	50	40	50	NA	NA	32	NA	NA	NA	46	18	NA	NA	NA	18	NA	NA	43	NA	NA	NA	NA	"Viruses>Riboviria>Orthornavirae>Pisuviricota>Pisoniviricetes>Picornavirales>Picornaviridae>Ensavirinae>Enterovirus"
"root><wbr>...><wbr>Enterovirus geswini"	"S"	3428509	90	20	48	14	NA	39	NA	35	52	90	15	NA	NA	NA	74	10	NA	11	NA	NA	NA	NA	"Viruses>Riboviria>Orthornavirae>Pisuviricota>Pisoniviricetes>Picornavirales>Picornaviridae>Ensavirinae>Enterovirus"
"root><wbr>...><wbr>Rabovirus aneyoci"	"S"	3432090	106	35	NA	89	22	29	13	55	106	66	NA	40	NA	NA	55	NA	41	23	NA	15	NA	14	"Viruses>Riboviria>Orthornavirae>Pisuviricota>Pisoniviricetes>Picornavirales>Picornaviridae>Ensavirinae>Rabovirus"
"root><wbr>...><wbr>Sapelovirus anglia"	"S"	3432263	42	21	35	NA	22	42	NA	15	NA	28	31	NA	NA	NA	NA	25	NA	NA	NA	NA	NA	NA	"Viruses>Riboviria>Orthornavirae>Pisuviricota>Pisoniviricetes>Picornavirales>Picornaviridae>Ensavirinae>Sapelovirus"
"root><wbr>...><wbr>Hepatovirus ahepa"	"S"	3407641	490	406	490	285	358	251	NA	471	446	464	240	295	NA	NA	281	179	173	53	NA	222	NA	NA	"Viruses>Riboviria>Orthornavirae>Pisuviricota>Pisoniviricetes>Picornavirales>Picornaviridae>Heptrevirinae>Hepatovirus"
"root><wbr>...><wbr>Parechovirus ahumpari"	"S"	3431395	201	43	33	16	NA	NA	114	201	35	12	64	81	NA	NA	NA	33	36	184	NA	NA	NA	150	"Viruses>Riboviria>Orthornavirae>Pisuviricota>Pisoniviricetes>Picornavirales>Picornaviridae>Paavivirinae>Parechovirus"
"root><wbr>...><wbr>Pasivirus agallia"	"S"	3431402	35	20	35	NA	NA	NA	NA	NA	12	NA	14	NA	NA	NA	NA	NA	NA	NA	NA	NA	NA	NA	"Viruses>Riboviria>Orthornavirae>Pisuviricota>Pisoniviricetes>Picornavirales>Picornaviridae>Paavivirinae>Pasivirus"
"root><wbr>...><wbr>Norovirus norwalkense"	"S"	3431196	2279	2279	1851	906	2017	1429	297	1679	1142	2051	250	NA	NA	NA	903	211	62	168	NA	1572	NA	448	"Viruses>Riboviria>Orthornavirae>Pisuviricota>Pisoniviricetes>Picornavirales>Caliciviridae>Norovirus"
"root><wbr>...><wbr>Sapovirus sapporoense"	"S"	3432266	625	560	625	399	335	32	367	447	589	189	228	563	NA	NA	349	168	294	355	NA	190	NA	473	"Viruses>Riboviria>Orthornavirae>Pisuviricota>Pisoniviricetes>Picornavirales>Caliciviridae>Sapovirus"
"root><wbr>...><wbr>St-Valerien swine virus"	"S"	646294	14	14	13	NA	NA	NA	NA	NA	NA	NA	NA	NA	NA	NA	NA	NA	NA	NA	NA	NA	NA	NA	"Viruses>Riboviria>Orthornavirae>Pisuviricota>Pisoniviricetes>Picornavirales>Caliciviridae>unclassified&nbsp;Caliciviridae"
"root><wbr>...><wbr>Cripavirus mortiferum"	"S"	3047369	881	89	NA	NA	NA	NA	NA	124	NA	NA	NA	NA	775	881	NA	NA	NA	NA	NA	NA	NA	NA	"Viruses>Riboviria>Orthornavirae>Pisuviricota>Pisoniviricetes>Picornavirales>Dicistroviridae>Cripavirus"
"root><wbr>...><wbr>Husavirus sp."	"S"	1930509	68	15	NA	10	NA	11	35	18	13	NA	25	NA	46	48	34	19	NA	30	68	12	55	33	"Viruses>Riboviria>Orthornavirae>Pisuviricota>Pisoniviricetes>Picornavirales>unclassified&nbsp;Picornavirales>Husavirus>unclassified&nbsp;Husavirus"
"root><wbr>...><wbr>Betacoronavirus pandemicum"	"S"	3418604	88	88	60	27	19	43	28	33	29	43	NA	NA	NA	NA	NA	NA	NA	NA	NA	18	NA	30	"Viruses>Riboviria>Orthornavirae>Pisuviricota>Pisoniviricetes>Nidovirales>Cornidovirineae>Coronaviridae>Orthocoronavirinae>Betacoronavirus>Sarbecovirus"
"root><wbr>...><wbr>Sobemovirus RGMOV"	"S"	3432504	89	13	NA	16	10	NA	12	NA	NA	NA	34	11	89	86	32	31	NA	16	39	20	73	10	"Viruses>Riboviria>Orthornavirae>Pisuviricota>Pisoniviricetes>Sobelivirales>Solemoviridae>Sobemovirus"
"root><wbr>...><wbr>Rocahepevirus ratti"	"S"	1678145	1571	917	1236	467	685	937	262	633	800	1571	272	816	NA	NA	1561	179	734	389	NA	432	NA	466	"Viruses>Riboviria>Orthornavirae>Kitrinoviricota>Alsuviricetes>Hepelivirales>Hepeviridae>Orthohepevirinae>Rocahepevirus"
"root><wbr>...><wbr>Tobamovirus tomatotessellati"	"S"	3432892	634	185	87	101	124	35	151	181	63	61	127	215	627	634	285	128	62	323	317	313	319	156	"Viruses>Riboviria>Orthornavirae>Kitrinoviricota>Alsuviricetes>Martellivirales>Virgaviridae>Tobamovirus"
"root><wbr>...><wbr>Tobamovirus capsici"	"S"	3432865	732	170	107	89	105	81	200	167	83	69	76	118	728	732	254	70	79	253	356	169	300	197	"Viruses>Riboviria>Orthornavirae>Kitrinoviricota>Alsuviricetes>Martellivirales>Virgaviridae>Tobamovirus"
"root><wbr>...><wbr>Tobamovirus tabaci"	"S"	3432891	685	150	68	181	70	63	379	147	130	63	126	166	624	685	336	108	123	206	600	192	354	358	"Viruses>Riboviria>Orthornavirae>Kitrinoviricota>Alsuviricetes>Martellivirales>Virgaviridae>Tobamovirus"
"root><wbr>...><wbr>Tobamovirus rehmanniae"	"S"	3432888	222	37	20	54	25	21	116	57	42	23	42	31	222	214	98	37	27	67	196	44	139	107	"Viruses>Riboviria>Orthornavirae>Kitrinoviricota>Alsuviricetes>Martellivirales>Virgaviridae>Tobamovirus"
"root><wbr>...><wbr>Tobamovirus maculatessellati"	"S"	3432877	84	30	14	24	14	NA	48	28	24	NA	23	17	84	79	44	19	13	31	78	17	38	46	"Viruses>Riboviria>Orthornavirae>Kitrinoviricota>Alsuviricetes>Martellivirales>Virgaviridae>Tobamovirus"
"root><wbr>...><wbr>Tobamovirus viridimaculae"	"S"	3432895	38	10	NA	NA	NA	NA	NA	NA	NA	NA	NA	NA	38	38	12	NA	NA	15	17	NA	10	NA	"Viruses>Riboviria>Orthornavirae>Kitrinoviricota>Alsuviricetes>Martellivirales>Virgaviridae>Tobamovirus"
"root><wbr>...><wbr>Carlavirus sigmasolani"	"S"	3427796	13	11	NA	NA	NA	NA	13	10	NA	NA	NA	NA	NA	NA	NA	NA	NA	NA	10	NA	NA	13	"Viruses>Riboviria>Orthornavirae>Kitrinoviricota>Alsuviricetes>Tymovirales>Betaflexiviridae>Quinvirinae>Carlavirus"
"root><wbr>...><wbr>Tombusvirus pelargonii"	"S"	3048256	336	98	59	88	37	53	187	62	48	51	111	60	264	260	142	100	62	74	230	83	336	178	"Viruses>Riboviria>Orthornavirae>Kitrinoviricota>Tolucaviricetes>Tolivirales>Tombusviridae>Procedovirinae>Tombusvirus"
"root><wbr>...><wbr>Tombusvirus cymbidii"	"S"	3047788	174	44	33	51	23	25	91	23	40	28	47	34	142	154	76	53	31	32	133	39	174	93	"Viruses>Riboviria>Orthornavirae>Kitrinoviricota>Tolucaviricetes>Tolivirales>Tombusviridae>Procedovirinae>Tombusvirus"
"root><wbr>...><wbr>Tombusvirus algeriaense"	"S"	3047844	222	41	26	74	31	26	111	35	47	26	79	40	194	191	85	74	52	28	155	66	222	107	"Viruses>Riboviria>Orthornavirae>Kitrinoviricota>Tolucaviricetes>Tolivirales>Tombusviridae>Procedovirinae>Tombusvirus"
"root><wbr>...><wbr>Tombusvirus lycopersici"	"S"	3048374	325	41	34	50	40	39	152	28	26	28	83	78	224	242	137	82	54	52	191	98	325	148	"Viruses>Riboviria>Orthornavirae>Kitrinoviricota>Tolucaviricetes>Tolivirales>Tombusviridae>Procedovirinae>Tombusvirus"
"root><wbr>...><wbr>Tombusvirus dianthi"	"S"	3047727	123	40	17	39	17	30	64	33	20	29	62	32	104	106	72	51	29	NA	89	22	123	59	"Viruses>Riboviria>Orthornavirae>Kitrinoviricota>Tolucaviricetes>Tolivirales>Tombusviridae>Procedovirinae>Tombusvirus"
"root><wbr>...><wbr>Tombusvirus petuniae"	"S"	3048263	58	17	11	15	NA	NA	29	12	11	NA	15	11	58	55	14	11	11	NA	32	14	52	38	"Viruses>Riboviria>Orthornavirae>Kitrinoviricota>Tolucaviricetes>Tolivirales>Tombusviridae>Procedovirinae>Tombusvirus"
"root><wbr>...><wbr>Tombusvirus cynarae"	"S"	3047380	124	17	10	35	NA	NA	55	15	11	NA	26	18	79	74	40	28	32	10	55	18	124	53	"Viruses>Riboviria>Orthornavirae>Kitrinoviricota>Tolucaviricetes>Tolivirales>Tombusviridae>Procedovirinae>Tombusvirus"
"root><wbr>...><wbr>Tombusvirus moroccoense"	"S"	3048207	109	14	11	39	NA	15	55	16	23	12	46	20	96	95	58	45	33	33	74	31	109	55	"Viruses>Riboviria>Orthornavirae>Kitrinoviricota>Tolucaviricetes>Tolivirales>Tombusviridae>Procedovirinae>Tombusvirus"
"root><wbr>...><wbr>Gammacarmovirus melonis"	"S"	3048200	311	62	30	71	98	29	98	112	25	20	132	48	224	241	64	121	41	311	117	60	299	93	"Viruses>Riboviria>Orthornavirae>Kitrinoviricota>Tolucaviricetes>Tolivirales>Tombusviridae>Procedovirinae>Gammacarmovirus"
"root><wbr>...><wbr>Ishugivirus pelohabitans"	"S"	2845020	48	17	NA	10	NA	NA	40	20	NA	NA	12	NA	45	42	26	10	NA	NA	48	NA	45	43	"Viruses>Riboviria>Orthornavirae>Lenarviricota>Leviviricetes>Norzivirales>Fiersviridae>Ishugivirus"
"root><wbr>...><wbr>Hubei picorna-like virus 61"	"S"	1923144	342	62	42	47	50	50	151	55	33	52	96	43	247	244	108	88	90	83	138	75	342	137	"Viruses>Riboviria>unclassified&nbsp;Riboviria>unclassified&nbsp;RNA&nbsp;viruses&nbsp;ShiM&#x2011;2016"
"root><wbr>...><wbr>Beihai picorna-like virus 77"	"S"	1922624	40	16	NA	NA	NA	NA	NA	21	NA	NA	14	NA	38	40	NA	14	NA	NA	11	NA	NA	NA	"Viruses>Riboviria>unclassified&nbsp;Riboviria>unclassified&nbsp;RNA&nbsp;viruses&nbsp;ShiM&#x2011;2016"
"root><wbr>...><wbr>Hubei picorna-like virus 15"	"S"	1923094	225	10	NA	NA	NA	NA	NA	14	NA	NA	NA	NA	199	225	NA	NA	NA	NA	NA	NA	NA	NA	"Viruses>Riboviria>unclassified&nbsp;Riboviria>unclassified&nbsp;RNA&nbsp;viruses&nbsp;ShiM&#x2011;2016"
"root><wbr>...><wbr>Bocaparvovirus carnivoran2"	"S"	3052027	6159	5231	6159	2268	1353	1277	1506	1501	2768	2369	410	3140	20	20	2118	330	2666	1835	NA	1085	14	1889	"Viruses>Monodnaviria>Shotokuvirae>Cossaviricota>Quintoviricetes>Piccovirales>Parvoviridae>Parvovirinae>Bocaparvovirus"
"root><wbr>...><wbr>Bocaparvovirus carnivoran1"	"S"	3052026	1450	1001	1202	614	269	97	237	518	751	856	59	566	NA	NA	1450	46	485	830	NA	224	NA	315	"Viruses>Monodnaviria>Shotokuvirae>Cossaviricota>Quintoviricetes>Piccovirales>Parvoviridae>Parvovirinae>Bocaparvovirus"
"root><wbr>...><wbr>Bocaparvovirus primate1"	"S"	3052040	903	615	633	305	691	557	212	251	330	760	82	903	NA	NA	326	92	835	160	NA	583	NA	236	"Viruses>Monodnaviria>Shotokuvirae>Cossaviricota>Quintoviricetes>Piccovirales>Parvoviridae>Parvovirinae>Bocaparvovirus"
"root><wbr>...><wbr>Bocaparvovirus primate2"	"S"	3052041	880	536	705	215	383	273	149	317	321	681	134	165	NA	NA	880	119	173	346	NA	313	NA	209	"Viruses>Monodnaviria>Shotokuvirae>Cossaviricota>Quintoviricetes>Piccovirales>Parvoviridae>Parvovirinae>Bocaparvovirus"
"root><wbr>...><wbr>Bocaparvovirus ungulate5"	"S"	3052049	569	390	508	206	242	280	176	336	267	373	137	569	NA	NA	172	124	538	291	NA	174	NA	184	"Viruses>Monodnaviria>Shotokuvirae>Cossaviricota>Quintoviricetes>Piccovirales>Parvoviridae>Parvovirinae>Bocaparvovirus"
"root><wbr>...><wbr>Bocaparvovirus ungulate4"	"S"	3052048	435	312	373	195	435	245	145	147	348	337	34	299	NA	NA	265	22	158	73	NA	304	NA	194	"Viruses>Monodnaviria>Shotokuvirae>Cossaviricota>Quintoviricetes>Piccovirales>Parvoviridae>Parvovirinae>Bocaparvovirus"
"root><wbr>...><wbr>Bocaparvovirus carnivoran4"	"S"	3052029	292	78	68	257	70	98	53	41	292	97	24	NA	NA	NA	NA	20	NA	35	NA	60	NA	58	"Viruses>Monodnaviria>Shotokuvirae>Cossaviricota>Quintoviricetes>Piccovirales>Parvoviridae>Parvovirinae>Bocaparvovirus"
"root><wbr>...><wbr>Porcine bocavirus 5"	"S"	1133653	120	39	120	22	29	84	NA	NA	29	76	NA	NA	NA	NA	NA	NA	NA	NA	NA	53	NA	NA	"Viruses>Monodnaviria>Shotokuvirae>Cossaviricota>Quintoviricetes>Piccovirales>Parvoviridae>Parvovirinae>Bocaparvovirus>unclassified&nbsp;Bocaparvovirus"
"root><wbr>...><wbr>Porcine bocavirus"	"S"	1165907	161	31	28	87	52	34	NA	63	161	56	28	NA	NA	NA	29	23	NA	70	NA	14	NA	NA	"Viruses>Monodnaviria>Shotokuvirae>Cossaviricota>Quintoviricetes>Piccovirales>Parvoviridae>Parvovirinae>Bocaparvovirus>unclassified&nbsp;Bocaparvovirus"
"root><wbr>...><wbr>Bocaparvovirus rodent1"	"S"	3052043	154	26	29	28	17	NA	NA	35	33	23	12	154	NA	NA	30	NA	114	11	NA	14	NA	NA	"Viruses>Monodnaviria>Shotokuvirae>Cossaviricota>Quintoviricetes>Piccovirales>Parvoviridae>Parvovirinae>Bocaparvovirus"
"root><wbr>...><wbr>Bocaparvovirus ungulate2"	"S"	3052046	43	26	25	16	NA	23	40	12	27	43	21	NA	NA	NA	32	11	NA	16	NA	NA	NA	42	"Viruses>Monodnaviria>Shotokuvirae>Cossaviricota>Quintoviricetes>Piccovirales>Parvoviridae>Parvovirinae>Bocaparvovirus"
"root><wbr>...><wbr>Bocaparvovirus ungulate3"	"S"	3052047	101	16	NA	14	46	43	NA	22	14	101	NA	NA	NA	NA	62	NA	NA	NA	NA	36	NA	NA	"Viruses>Monodnaviria>Shotokuvirae>Cossaviricota>Quintoviricetes>Piccovirales>Parvoviridae>Parvovirinae>Bocaparvovirus"
"root><wbr>...><wbr>Protoparvovirus carnivoran1"	"S"	3052707	13979	5219	5783	1792	1730	1755	673	8882	2249	4670	661	973	NA	NA	4056	605	857	13979	NA	1464	10	829	"Viruses>Monodnaviria>Shotokuvirae>Cossaviricota>Quintoviricetes>Piccovirales>Parvoviridae>Parvovirinae>Protoparvovirus"
"root><wbr>...><wbr>Protoparvovirus rodent1"	"S"	3052717	401	251	346	82	146	59	125	172	130	143	38	NA	NA	NA	401	24	NA	132	NA	90	NA	181	"Viruses>Monodnaviria>Shotokuvirae>Cossaviricota>Quintoviricetes>Piccovirales>Parvoviridae>Parvovirinae>Protoparvovirus"
"root><wbr>...><wbr>Protoparvovirus rodent2"	"S"	3052718	175	34	68	33	26	78	55	50	46	175	NA	98	NA	NA	52	NA	90	105	NA	17	NA	60	"Viruses>Monodnaviria>Shotokuvirae>Cossaviricota>Quintoviricetes>Piccovirales>Parvoviridae>Parvovirinae>Protoparvovirus"
"root><wbr>...><wbr>Protoparvovirus incertum1"	"S"	3052713	26	22	26	NA	NA	NA	NA	NA	NA	NA	NA	NA	NA	NA	NA	NA	NA	NA	NA	NA	NA	NA	"Viruses>Monodnaviria>Shotokuvirae>Cossaviricota>Quintoviricetes>Piccovirales>Parvoviridae>Parvovirinae>Protoparvovirus"
"root><wbr>...><wbr>Dependoparvovirus primate1"	"S"	1511891	173	59	26	NA	NA	123	50	82	19	173	26	NA	NA	NA	69	24	NA	69	NA	NA	14	61	"Viruses>Monodnaviria>Shotokuvirae>Cossaviricota>Quintoviricetes>Piccovirales>Parvoviridae>Parvovirinae>Dependoparvovirus"
"root><wbr>...><wbr>Dependoparvovirus mammalian1"	"S"	1511892	18	12	14	NA	18	NA	14	11	NA	NA	NA	NA	NA	NA	NA	NA	10	NA	NA	18	NA	13	"Viruses>Monodnaviria>Shotokuvirae>Cossaviricota>Quintoviricetes>Piccovirales>Parvoviridae>Parvovirinae>Dependoparvovirus"
"root><wbr>...><wbr>Tetraparvovirus ungulate2"	"S"	3052772	23	20	23	NA	NA	NA	NA	NA	NA	NA	NA	NA	NA	NA	NA	NA	NA	NA	NA	NA	NA	NA	"Viruses>Monodnaviria>Shotokuvirae>Cossaviricota>Quintoviricetes>Piccovirales>Parvoviridae>Parvovirinae>Tetraparvovirus"
"root><wbr>...><wbr>Chaphamaparvovirus galliform2"	"S"	3052107	410	315	379	129	108	250	259	56	150	410	29	228	NA	NA	280	29	196	86	NA	88	NA	296	"Viruses>Monodnaviria>Shotokuvirae>Cossaviricota>Quintoviricetes>Piccovirales>Parvoviridae>Hamaparvovirinae>Chaphamaparvovirus"
"root><wbr>...><wbr>Chaphamaparvovirus ungulate1"	"S"	3052115	60	60	56	NA	NA	NA	14	NA	NA	NA	NA	NA	NA	NA	NA	NA	NA	NA	NA	NA	NA	27	"Viruses>Monodnaviria>Shotokuvirae>Cossaviricota>Quintoviricetes>Piccovirales>Parvoviridae>Hamaparvovirinae>Chaphamaparvovirus"
"root><wbr>...><wbr>Hemiambidensovirus hemipteran2"	"S"	3052220	136	120	136	NA	70	33	32	NA	NA	94	NA	116	NA	NA	102	NA	105	NA	NA	59	NA	37	"Viruses>Monodnaviria>Shotokuvirae>Cossaviricota>Quintoviricetes>Piccovirales>Parvoviridae>Densovirinae>Hemiambidensovirus"
"root><wbr>...><wbr>Pigeon parvovirus A"	"S"	1399967	15	11	15	NA	NA	NA	NA	NA	NA	NA	NA	NA	NA	NA	NA	NA	NA	NA	NA	NA	NA	NA	"Viruses>Monodnaviria>Shotokuvirae>Cossaviricota>Quintoviricetes>Piccovirales>Parvoviridae>unclassified&nbsp;Parvoviridae"
"root><wbr>...><wbr>Genomoviridae sp."	"S"	2202565	660	108	100	35	186	33	272	137	12	42	60	177	532	514	76	61	81	660	96	177	149	259	"Viruses>Monodnaviria>Shotokuvirae>Cressdnaviricota>Repensiviricetes>Geplafuvirales>Genomoviridae>unclassified&nbsp;Genomoviridae"
"root><wbr>...><wbr>Giant panda associated gemycircularvirus"	"S"	2016461	141	22	23	NA	17	NA	14	NA	NA	NA	NA	NA	141	124	21	NA	NA	44	29	NA	13	16	"Viruses>Monodnaviria>Shotokuvirae>Cressdnaviricota>Repensiviricetes>Geplafuvirales>Genomoviridae>Gemycircularvirus>unclassified&nbsp;Gemycircularvirus"
"root><wbr>...><wbr>Mastadenovirus faecale"	"S"	3241426	1091	434	534	251	1091	364	141	235	408	804	124	357	NA	NA	709	85	222	NA	NA	842	NA	154	"Viruses>Varidnaviria>Bamfordvirae>Preplasmiviricota>Polisuviricotina>Pharingeaviricetes>Rowavirales>Adenoviridae>Mastadenovirus"
"root><wbr>...><wbr>Mastadenovirus porcusquintum"	"S"	3241440	224	204	224	44	NA	78	36	NA	31	92	NA	38	NA	NA	30	NA	45	NA	NA	NA	NA	49	"Viruses>Varidnaviria>Bamfordvirae>Preplasmiviricota>Polisuviricotina>Pharingeaviricetes>Rowavirales>Adenoviridae>Mastadenovirus"
"root><wbr>...><wbr>Mastadenovirus dominans"	"S"	3241420	438	172	145	59	165	353	105	167	124	438	68	158	NA	NA	153	64	140	40	NA	137	NA	115	"Viruses>Varidnaviria>Bamfordvirae>Preplasmiviricota>Polisuviricotina>Pharingeaviricetes>Rowavirales>Adenoviridae>Mastadenovirus"
"root><wbr>...><wbr>Mastadenovirus adami"	"S"	3241402	108	94	96	11	75	85	27	27	24	108	10	64	NA	NA	45	NA	48	NA	NA	51	NA	54	"Viruses>Varidnaviria>Bamfordvirae>Preplasmiviricota>Polisuviricotina>Pharingeaviricetes>Rowavirales>Adenoviridae>Mastadenovirus"
"root><wbr>...><wbr>Mastadenovirus longumcaudae"	"S"	3241429	52	52	NA	NA	12	NA	NA	NA	NA	20	NA	NA	NA	NA	NA	NA	NA	NA	NA	14	NA	NA	"Viruses>Varidnaviria>Bamfordvirae>Preplasmiviricota>Polisuviricotina>Pharingeaviricetes>Rowavirales>Adenoviridae>Mastadenovirus"
"root><wbr>...><wbr>Mastadenovirus cynocephali"	"S"	3241417	61	49	61	NA	29	10	NA	NA	NA	11	NA	NA	NA	NA	NA	NA	NA	NA	NA	13	NA	NA	"Viruses>Varidnaviria>Bamfordvirae>Preplasmiviricota>Polisuviricotina>Pharingeaviricetes>Rowavirales>Adenoviridae>Mastadenovirus"
"root><wbr>...><wbr>Mastadenovirus blackbeardi"	"S"	3241406	53	39	49	43	NA	NA	41	NA	53	11	14	NA	NA	NA	NA	13	NA	NA	NA	NA	NA	45	"Viruses>Varidnaviria>Bamfordvirae>Preplasmiviricota>Polisuviricotina>Pharingeaviricetes>Rowavirales>Adenoviridae>Mastadenovirus"
"root><wbr>...><wbr>Mastadenovirus chlorocebi"	"S"	3241415	67	21	42	NA	46	39	NA	41	NA	24	12	67	NA	NA	NA	13	NA	NA	NA	36	NA	NA	"Viruses>Varidnaviria>Bamfordvirae>Preplasmiviricota>Polisuviricotina>Pharingeaviricetes>Rowavirales>Adenoviridae>Mastadenovirus"
"root><wbr>...><wbr>Mastadenovirus flavi"	"S"	3241427	17	17	NA	NA	NA	NA	NA	NA	NA	NA	NA	NA	NA	NA	NA	NA	10	NA	NA	NA	NA	NA	"Viruses>Varidnaviria>Bamfordvirae>Preplasmiviricota>Polisuviricotina>Pharingeaviricetes>Rowavirales>Adenoviridae>Mastadenovirus"
"root><wbr>...><wbr>Mastadenovirus rhesi"	"S"	3241443	15	15	NA	NA	NA	15	NA	NA	NA	NA	NA	NA	NA	NA	NA	NA	NA	NA	NA	NA	NA	NA	"Viruses>Varidnaviria>Bamfordvirae>Preplasmiviricota>Polisuviricotina>Pharingeaviricetes>Rowavirales>Adenoviridae>Mastadenovirus"
"root><wbr>...><wbr>Mastadenovirus alienum"	"S"	3241404	36	13	36	NA	NA	10	11	13	NA	16	NA	NA	NA	NA	28	NA	NA	NA	NA	12	NA	17	"Viruses>Varidnaviria>Bamfordvirae>Preplasmiviricota>Polisuviricotina>Pharingeaviricetes>Rowavirales>Adenoviridae>Mastadenovirus"
"root><wbr>...><wbr>Aviadenovirus hepatitidis"	"S"	3426530	139	138	139	NA	NA	NA	34	17	NA	NA	12	NA	NA	NA	NA	11	NA	13	NA	NA	NA	34	"Viruses>Varidnaviria>Bamfordvirae>Preplasmiviricota>Polisuviricotina>Pharingeaviricetes>Rowavirales>Adenoviridae>Aviadenovirus"
"root><wbr>...><wbr>Aviadenovirus gallinae"	"S"	3426525	14	10	NA	NA	NA	NA	NA	14	NA	NA	NA	NA	NA	NA	NA	NA	NA	NA	NA	NA	NA	NA	"Viruses>Varidnaviria>Bamfordvirae>Preplasmiviricota>Polisuviricotina>Pharingeaviricetes>Rowavirales>Adenoviridae>Aviadenovirus"
"root><wbr>...><wbr>Sharonstreetvirus LAh7"	"S"	2956442	28	22	11	NA	NA	NA	12	20	NA	NA	14	NA	23	21	NA	13	NA	NA	19	NA	28	10	"Viruses>Duplodnaviria>Heunggongvirae>Uroviricota>Caudoviricetes>Caudoviricetes&nbsp;incertae&nbsp;sedis>Casjensviridae>Sharonstreetvirus"
"root><wbr>...><wbr>Sharonstreetvirus A18P4"	"S"	2956440	32	19	20	10	NA	10	13	24	16	NA	20	NA	32	31	13	20	NA	NA	30	NA	32	15	"Viruses>Duplodnaviria>Heunggongvirae>Uroviricota>Caudoviricetes>Caudoviricetes&nbsp;incertae&nbsp;sedis>Casjensviridae>Sharonstreetvirus"
"root><wbr>...><wbr>Salvovirus salvo"	"S"	2560847	40	18	10	NA	NA	NA	19	16	10	NA	19	NA	40	37	NA	22	NA	NA	22	NA	26	19	"Viruses>Duplodnaviria>Heunggongvirae>Uroviricota>Caudoviricetes>Caudoviricetes&nbsp;incertae&nbsp;sedis>Casjensviridae>Salvovirus"
"root><wbr>...><wbr>Yonseivirus soft"	"S"	2845108	14	13	NA	NA	NA	NA	NA	NA	NA	NA	12	NA	14	13	NA	NA	NA	NA	NA	NA	NA	NA	"Viruses>Duplodnaviria>Heunggongvirae>Uroviricota>Caudoviricetes>Caudoviricetes&nbsp;incertae&nbsp;sedis>Casjensviridae>Yonseivirus"
"root><wbr>...><wbr>Burrovirus burro"	"S"	2845591	53	33	21	NA	NA	19	29	35	25	NA	52	NA	43	53	NA	41	NA	NA	27	NA	29	25	"Viruses>Duplodnaviria>Heunggongvirae>Uroviricota>Caudoviricetes>Caudoviricetes&nbsp;incertae&nbsp;sedis>Burrovirus"
"root><wbr>...><wbr>Burrovirus araxxi"	"S"	2845589	35	22	13	NA	19	NA	20	21	13	NA	30	NA	28	35	NA	23	NA	NA	30	15	22	27	"Viruses>Duplodnaviria>Heunggongvirae>Uroviricota>Caudoviricetes>Caudoviricetes&nbsp;incertae&nbsp;sedis>Burrovirus"
"root><wbr>...><wbr>Farahnazvirus ISF9"	"S"	2560592	217	27	23	NA	28	NA	28	40	NA	NA	NA	NA	217	199	14	NA	NA	114	27	10	15	22	"Viruses>Duplodnaviria>Heunggongvirae>Uroviricota>Caudoviricetes>Caudoviricetes&nbsp;incertae&nbsp;sedis>Farahnazvirus"
"root><wbr>...><wbr>Armstrongvirus armstrong"	"S"	2734217	29	16	NA	NA	10	NA	NA	15	NA	NA	20	NA	29	26	12	13	NA	23	16	NA	16	NA	"Viruses>Duplodnaviria>Heunggongvirae>Uroviricota>Caudoviricetes>Caudoviricetes&nbsp;incertae&nbsp;sedis>Armstrongvirus"
"root><wbr>...><wbr>Syrbvirus R1"	"S"	3060725	33	11	NA	NA	NA	NA	10	NA	NA	NA	NA	NA	29	33	NA	NA	NA	NA	12	NA	NA	10	"Viruses>Duplodnaviria>Heunggongvirae>Uroviricota>Caudoviricetes>Caudoviricetes&nbsp;incertae&nbsp;sedis>Syrbvirus"
"root><wbr>...><wbr>Burzaovirus intestinihominis"	"S"	2955562	354	29	37	53	21	88	152	18	34	24	102	46	221	214	102	96	85	21	273	73	354	144	"Viruses>Duplodnaviria>Heunggongvirae>Uroviricota>Caudoviricetes>Crassvirales>Suoliviridae>Oafivirinae>Burzaovirus"
"root><wbr>...><wbr>Burzaovirus faecalis"	"S"	2955561	267	20	19	37	20	54	126	17	22	NA	69	31	123	136	83	57	57	NA	195	42	267	115	"Viruses>Duplodnaviria>Heunggongvirae>Uroviricota>Caudoviricetes>Crassvirales>Suoliviridae>Oafivirinae>Burzaovirus"
"root><wbr>...><wbr>Burzaovirus coli"	"S"	2955560	243	15	15	33	NA	72	111	17	24	19	64	44	189	194	91	69	59	23	229	61	243	115	"Viruses>Duplodnaviria>Heunggongvirae>Uroviricota>Caudoviricetes>Crassvirales>Suoliviridae>Oafivirinae>Burzaovirus"
"root><wbr>...><wbr>Carjivirus communis"	"S"	2955582	84	12	21	30	NA	36	61	19	31	NA	24	22	84	83	31	24	13	NA	79	28	66	57	"Viruses>Duplodnaviria>Heunggongvirae>Uroviricota>Caudoviricetes>Crassvirales>Intestiviridae>Crudevirinae>Carjivirus"
"root><wbr>...><wbr>Xanthomonas citri phage CP2"	"S"	1188795	155	29	87	14	18	51	114	30	69	25	154	NA	89	76	29	120	11	NA	155	22	137	126	"Viruses>Duplodnaviria>Heunggongvirae>Uroviricota>Caudoviricetes>unclassified&nbsp;Caudoviricetes"
"root><wbr>...><wbr>Pseudomonas phage PS-1"	"S"	1573458	26	10	26	NA	NA	NA	NA	NA	21	NA	NA	NA	11	22	NA	NA	NA	NA	19	NA	17	NA	"Viruses>Duplodnaviria>Heunggongvirae>Uroviricota>Caudoviricetes>unclassified&nbsp;Caudoviricetes"
"root><wbr>...><wbr>Pradovirus prado"	"S"	1985736	42	17	NA	NA	NA	NA	25	18	NA	NA	42	NA	26	23	NA	30	NA	NA	13	NA	28	29	"Viruses>Duplodnaviria>Heunggongvirae>Uroviricota>Caudoviricetes>Autographivirales>Autonotataviridae>Gujervirinae>Pradovirus"
"root><wbr>...><wbr>Hudisavirus sp."	"S"	2021738	219	75	44	51	56	45	121	116	39	30	77	15	196	210	76	65	28	219	165	42	155	122	"Viruses>unclassified&nbsp;viruses"
"root><wbr>...><wbr>Human feces pecovirus"	"S"	1820160	97	33	24	15	21	21	57	42	11	20	39	21	81	79	26	37	16	58	41	26	97	56	"Viruses>unclassified&nbsp;viruses"
"root><wbr>...><wbr>Kobuvirus dekago"	"S"	1897731	18	NA	16	NA	NA	NA	11	NA	NA	NA	NA	NA	NA	NA	NA	NA	NA	NA	NA	NA	NA	18	"Viruses>Riboviria>Orthornavirae>Pisuviricota>Pisoniviricetes>Picornavirales>Picornaviridae>Kodimesavirinae>Kobuvirus"
"root><wbr>...><wbr>Megrivirus aturhepa"	"S"	3430779	31	NA	17	NA	NA	11	NA	NA	NA	31	NA	NA	NA	NA	NA	NA	NA	NA	NA	NA	NA	NA	"Viruses>Riboviria>Orthornavirae>Pisuviricota>Pisoniviricetes>Picornavirales>Picornaviridae>Kodimesavirinae>Megrivirus"
"root><wbr>...><wbr>Enterovirus eibovi"	"S"	3428507	53	NA	53	NA	NA	NA	NA	NA	NA	NA	NA	NA	NA	NA	NA	NA	NA	NA	NA	NA	NA	NA	"Viruses>Riboviria>Orthornavirae>Pisuviricota>Pisoniviricetes>Picornavirales>Picornaviridae>Ensavirinae>Enterovirus"
"root><wbr>...><wbr>Avisivirus Pf-CHK1/AsV"	"S"	1766559	11	NA	11	NA	NA	NA	NA	NA	NA	NA	NA	NA	NA	NA	NA	NA	NA	NA	NA	NA	NA	NA	"Viruses>Riboviria>Orthornavirae>Pisuviricota>Pisoniviricetes>Picornavirales>Picornaviridae>Paavivirinae>Avisivirus>unclassified&nbsp;Avisivirus"
"root><wbr>...><wbr>Tobamovirus maculacapsici"	"S"	3432875	54	NA	11	NA	NA	NA	NA	NA	NA	NA	NA	NA	54	44	14	NA	NA	NA	33	NA	NA	NA	"Viruses>Riboviria>Orthornavirae>Kitrinoviricota>Alsuviricetes>Martellivirales>Virgaviridae>Tobamovirus"
"root><wbr>...><wbr>Bocaparvovirus rodent3"	"S"	3059788	19	NA	19	NA	NA	NA	NA	NA	NA	NA	NA	NA	NA	NA	NA	NA	NA	11	NA	NA	NA	NA	"Viruses>Monodnaviria>Shotokuvirae>Cossaviricota>Quintoviricetes>Piccovirales>Parvoviridae>Parvovirinae>Bocaparvovirus"
"root><wbr>...><wbr>Bocaparvovirus ungulate1"	"S"	3052045	29	NA	12	NA	NA	NA	NA	18	10	NA	NA	NA	NA	NA	NA	NA	NA	NA	NA	NA	NA	29	"Viruses>Monodnaviria>Shotokuvirae>Cossaviricota>Quintoviricetes>Piccovirales>Parvoviridae>Parvovirinae>Bocaparvovirus"
"root><wbr>...><wbr>Gemykrogvirus carib1"	"S"	2844627	53	NA	11	NA	NA	NA	NA	NA	NA	NA	NA	NA	53	46	NA	NA	NA	NA	NA	NA	NA	NA	"Viruses>Monodnaviria>Shotokuvirae>Cressdnaviricota>Repensiviricetes>Geplafuvirales>Genomoviridae>Gemykrogvirus"
"root><wbr>...><wbr>Gemykibivirus sewopo1"	"S"	2844603	80	NA	11	NA	12	NA	15	NA	NA	NA	11	10	80	75	NA	NA	NA	50	NA	NA	18	15	"Viruses>Monodnaviria>Shotokuvirae>Cressdnaviricota>Repensiviricetes>Geplafuvirales>Genomoviridae>Gemykibivirus"
"root><wbr>...><wbr>Mastadenovirus exoticum"	"S"	3241425	25	NA	25	NA	NA	NA	NA	NA	NA	NA	NA	NA	NA	NA	NA	NA	NA	NA	NA	NA	NA	NA	"Viruses>Varidnaviria>Bamfordvirae>Preplasmiviricota>Polisuviricotina>Pharingeaviricetes>Rowavirales>Adenoviridae>Mastadenovirus"
"root><wbr>...><wbr>Mastadenovirus muris"	"S"	3241433	33	NA	20	NA	NA	26	NA	NA	NA	33	30	NA	NA	NA	NA	24	NA	NA	NA	NA	NA	NA	"Viruses>Varidnaviria>Bamfordvirae>Preplasmiviricota>Polisuviricotina>Pharingeaviricetes>Rowavirales>Adenoviridae>Mastadenovirus"
"root><wbr>...><wbr>Burrovirus arete"	"S"	2845590	35	NA	15	NA	NA	NA	28	30	19	NA	35	NA	34	34	NA	30	NA	NA	33	NA	26	29	"Viruses>Duplodnaviria>Heunggongvirae>Uroviricota>Caudoviricetes>Caudoviricetes&nbsp;incertae&nbsp;sedis>Burrovirus"
"root><wbr>...><wbr>Miecznikowavirus AH14a"	"S"	3430847	44	NA	44	NA	NA	NA	13	NA	37	NA	NA	NA	NA	NA	NA	NA	NA	21	31	NA	NA	19	"Viruses>Duplodnaviria>Heunggongvirae>Uroviricota>Caudoviricetes>Caudoviricetes&nbsp;incertae&nbsp;sedis>Miecznikowavirus"
"root><wbr>...><wbr>Medeavirus medea1"	"S"	3430767	25	NA	25	NA	NA	NA	NA	NA	13	NA	NA	NA	NA	NA	NA	NA	NA	NA	12	NA	NA	NA	"Viruses>Duplodnaviria>Heunggongvirae>Uroviricota>Caudoviricetes>Caudoviricetes&nbsp;incertae&nbsp;sedis>Medeavirus"
"root><wbr>...><wbr>Cobrasixvirus cobrasix"	"S"	3059893	50	NA	23	NA	NA	21	NA	NA	25	NA	23	NA	36	27	NA	28	NA	NA	50	NA	NA	18	"Viruses>Duplodnaviria>Heunggongvirae>Uroviricota>Caudoviricetes>Caudoviricetes&nbsp;incertae&nbsp;sedis>Cobrasixvirus"
"root><wbr>...><wbr>Microbacterium phage Franklin22"	"S"	2894293	112	NA	22	NA	NA	NA	112	NA	NA	NA	11	NA	102	97	NA	82	NA	NA	NA	NA	10	NA	"Viruses>Duplodnaviria>Heunggongvirae>Uroviricota>Caudoviricetes>Caudoviricetes&nbsp;incertae&nbsp;sedis>Armstrongvirus>unclassified&nbsp;Armstrongvirus"
"root><wbr>...><wbr>Purivirus UFJFPfDIW6"	"S"	3060664	17	NA	13	NA	NA	NA	16	NA	10	NA	NA	NA	NA	NA	NA	NA	NA	NA	14	NA	NA	17	"Viruses>Duplodnaviria>Heunggongvirae>Uroviricota>Caudoviricetes>Caudoviricetes&nbsp;incertae&nbsp;sedis>Purivirus"
"root><wbr>...><wbr>Escherichia phage HK639"	"S"	906669	16	NA	12	NA	NA	NA	NA	NA	NA	NA	NA	NA	NA	NA	NA	NA	NA	NA	16	NA	NA	NA	"Viruses>Duplodnaviria>Heunggongvirae>Uroviricota>Caudoviricetes>unclassified&nbsp;Caudoviricetes"
"root><wbr>...><wbr>Salmonella phage vB_SosS_Oslo"	"S"	1168549	28	NA	28	NA	NA	NA	NA	NA	18	NA	NA	NA	NA	NA	NA	NA	NA	NA	21	NA	NA	NA	"Viruses>Duplodnaviria>Heunggongvirae>Uroviricota>Caudoviricetes>unclassified&nbsp;Caudoviricetes"
"root><wbr>...><wbr>Enterobacteria phage mEp390"	"S"	1147158	39	NA	28	NA	NA	NA	NA	NA	25	NA	NA	NA	NA	NA	NA	NA	NA	NA	39	NA	NA	NA	"Viruses>Duplodnaviria>Heunggongvirae>Uroviricota>Caudoviricetes>Hendrixvirinae>unclassified&nbsp;Hendrixvirinae"
"root><wbr>...><wbr>Akonivirus phedro"	"S"	2845594	20	NA	15	NA	NA	NA	NA	NA	NA	NA	NA	NA	20	19	NA	NA	NA	NA	NA	NA	12	NA	"Viruses>Duplodnaviria>Heunggongvirae>Uroviricota>Caudoviricetes>Eekayvirinae>Akonivirus"
"root><wbr>...><wbr>Sichuan takin enterovirus"	"S"	2220002	17	NA	NA	13	NA	NA	NA	NA	14	NA	NA	NA	NA	NA	NA	NA	NA	17	NA	NA	NA	NA	"Viruses>Riboviria>Orthornavirae>Pisuviricota>Pisoniviricetes>Picornavirales>Picornaviridae>Ensavirinae>Enterovirus>unclassified&nbsp;Enterovirus"
"root><wbr>...><wbr>Tombusvirus cucumis"	"S"	3047780	43	NA	NA	14	NA	NA	29	NA	NA	NA	20	NA	34	23	24	16	13	NA	26	13	43	19	"Viruses>Riboviria>Orthornavirae>Kitrinoviricota>Tolucaviricetes>Tolivirales>Tombusviridae>Procedovirinae>Tombusvirus"
"root><wbr>...><wbr>Tombusvirus limonii"	"S"	3048182	25	NA	NA	12	NA	NA	12	NA	NA	NA	11	NA	22	19	12	NA	NA	NA	19	NA	25	19	"Viruses>Riboviria>Orthornavirae>Kitrinoviricota>Tolucaviricetes>Tolivirales>Tombusviridae>Procedovirinae>Tombusvirus"
"root><wbr>...><wbr>Bocaparvovirus ungulate6"	"S"	3050363	24	NA	NA	19	NA	NA	NA	NA	24	NA	NA	NA	NA	NA	NA	NA	NA	NA	NA	NA	NA	NA	"Viruses>Monodnaviria>Shotokuvirae>Cossaviricota>Quintoviricetes>Piccovirales>Parvoviridae>Parvovirinae>Bocaparvovirus"
"root><wbr>...><wbr>Bocaparvovirus ungulate7"	"S"	3052050	10	NA	NA	10	NA	NA	NA	NA	NA	NA	NA	NA	NA	NA	NA	NA	NA	NA	NA	NA	NA	NA	"Viruses>Monodnaviria>Shotokuvirae>Cossaviricota>Quintoviricetes>Piccovirales>Parvoviridae>Parvovirinae>Bocaparvovirus"
"root><wbr>...><wbr>Ninurtavirus sewoxi"	"S"	3431154	57	NA	NA	14	NA	NA	NA	NA	NA	NA	19	NA	NA	NA	NA	18	NA	NA	NA	NA	57	NA	"Viruses>Monodnaviria>Shotokuvirae>Cressdnaviricota>Arfiviricetes>Saturnivirales>Kanorauviridae>Ninurtavirus"
"root><wbr>...><wbr>Aurodevirus hiberniae"	"S"	2955382	63	NA	NA	26	NA	25	22	NA	11	NA	NA	23	46	47	28	NA	NA	13	63	25	40	27	"Viruses>Duplodnaviria>Heunggongvirae>Uroviricota>Caudoviricetes>Crassvirales>Suoliviridae>Uncouvirinae>Aurodevirus"
"root><wbr>...><wbr>Fohxhuevirus gastrointestinalis"	"S"	2955907	74	NA	NA	12	NA	15	28	NA	NA	NA	20	18	57	66	19	16	13	NA	46	18	74	27	"Viruses>Duplodnaviria>Heunggongvirae>Uroviricota>Caudoviricetes>Crassvirales>Intestiviridae>Obtuvirinae>Fohxhuevirus"
"root><wbr>...><wbr>Kingevirus communis"	"S"	2956060	83	NA	NA	15	NA	10	36	NA	NA	NA	22	18	83	82	34	20	12	NA	65	15	77	38	"Viruses>Duplodnaviria>Heunggongvirae>Uroviricota>Caudoviricetes>Crassvirales>Crevaviridae>Doltivirinae>Kingevirus"
"root><wbr>...><wbr>Kahnovirus copri"	"S"	2956046	79	NA	NA	11	NA	17	42	NA	NA	NA	21	19	63	65	28	20	14	NA	74	24	79	33	"Viruses>Duplodnaviria>Heunggongvirae>Uroviricota>Caudoviricetes>Crassvirales>Steigviridae>Asinivirinae>Kahnovirus"
"root><wbr>...><wbr>Bovine astrovirus"	"S"	1435485	157	NA	NA	NA	157	NA	NA	NA	NA	NA	NA	NA	NA	NA	NA	NA	NA	NA	NA	129	NA	NA	"Viruses>Riboviria>Orthornavirae>Pisuviricota>Stelpaviricetes>Stellavirales>Astroviridae>Mamastrovirus>unclassified&nbsp;Mamastrovirus"
"root><wbr>...><wbr>Bovine astrovirus B76/HK"	"S"	1027248	65	NA	NA	NA	65	NA	NA	38	NA	NA	NA	NA	NA	NA	NA	NA	NA	NA	NA	37	NA	NA	"Viruses>Riboviria>Orthornavirae>Pisuviricota>Stelpaviricetes>Stellavirales>Astroviridae>Mamastrovirus>unclassified&nbsp;Mamastrovirus"
"root><wbr>...><wbr>Bovine astrovirus B18/HK"	"S"	1027245	35	NA	NA	NA	35	NA	NA	NA	NA	NA	NA	NA	NA	NA	NA	NA	NA	NA	NA	29	NA	NA	"Viruses>Riboviria>Orthornavirae>Pisuviricota>Stelpaviricetes>Stellavirales>Astroviridae>Mamastrovirus>unclassified&nbsp;Mamastrovirus"
"root><wbr>...><wbr>Sichuan takin astrovirus"	"S"	2220003	51	NA	NA	NA	51	NA	NA	NA	NA	NA	NA	NA	NA	NA	NA	NA	NA	NA	NA	46	NA	NA	"Viruses>Riboviria>Orthornavirae>Pisuviricota>Stelpaviricetes>Stellavirales>Astroviridae>unclassified&nbsp;Astroviridae"
"root><wbr>...><wbr>Astrovirus Er/SZAL6/HUN/2011"	"S"	1671382	13	NA	NA	NA	13	NA	NA	10	NA	11	NA	NA	NA	NA	NA	NA	NA	NA	NA	NA	NA	13	"Viruses>Riboviria>Orthornavirae>Pisuviricota>Stelpaviricetes>Stellavirales>Astroviridae>unclassified&nbsp;Astroviridae"
"root><wbr>...><wbr>Gallivirus Pf-CHK1/GV"	"S"	1766557	33	NA	NA	NA	13	NA	NA	NA	NA	33	12	NA	NA	NA	21	NA	NA	NA	NA	11	NA	NA	"Viruses>Riboviria>Orthornavirae>Pisuviricota>Pisoniviricetes>Picornavirales>Picornaviridae>Kodimesavirinae>Gallivirus>unclassified&nbsp;Gallivirus"
"root><wbr>...><wbr>Human cosavirus"	"S"	1233383	67	NA	NA	NA	11	NA	NA	NA	NA	29	NA	NA	NA	NA	67	NA	NA	10	NA	NA	NA	NA	"Viruses>Riboviria>Orthornavirae>Pisuviricota>Pisoniviricetes>Picornavirales>Picornaviridae>Caphthovirinae>Cosavirus>unclassified&nbsp;Cosavirus"
"root><wbr>...><wbr>Teschovirus asilesi"	"S"	3432768	45	NA	NA	NA	27	21	NA	NA	NA	45	NA	NA	NA	NA	NA	NA	NA	NA	NA	NA	NA	NA	"Viruses>Riboviria>Orthornavirae>Pisuviricota>Pisoniviricetes>Picornavirales>Picornaviridae>Caphthovirinae>Teschovirus"
"root><wbr>...><wbr>Bopivirus abovi"	"S"	3427559	13	NA	NA	NA	13	NA	NA	NA	NA	NA	NA	NA	NA	NA	NA	NA	NA	NA	NA	NA	NA	NA	"Viruses>Riboviria>Orthornavirae>Pisuviricota>Pisoniviricetes>Picornavirales>Picornaviridae>Caphthovirinae>Bopivirus"
"root><wbr>...><wbr>Anativirus biphaco"	"S"	2734519	74	NA	NA	NA	12	NA	NA	11	NA	34	NA	NA	NA	NA	74	NA	NA	NA	NA	NA	NA	NA	"Viruses>Riboviria>Orthornavirae>Pisuviricota>Pisoniviricetes>Picornavirales>Picornaviridae>Ensavirinae>Anativirus"
"root><wbr>...><wbr>Gihfavirus pelohabitans"	"S"	2844652	1578	NA	NA	NA	239	NA	46	504	NA	NA	NA	72	NA	NA	NA	NA	58	1578	NA	NA	NA	50	"Viruses>Riboviria>Orthornavirae>Lenarviricota>Leviviricetes>Timlovirales>Steitzviridae>Gihfavirus"
"root><wbr>...><wbr>Kinglevirus lutadaptatum"	"S"	2845070	371	NA	NA	NA	38	NA	21	110	NA	NA	NA	15	16	20	14	NA	13	371	16	NA	NA	17	"Viruses>Riboviria>Orthornavirae>Lenarviricota>Leviviricetes>Timlovirales>Steitzviridae>Kinglevirus"
"root><wbr>...><wbr>Bocaparvovirus incertum1"	"S"	3059787	22	NA	NA	NA	11	NA	NA	NA	NA	NA	NA	NA	NA	NA	NA	NA	NA	22	NA	NA	NA	NA	"Viruses>Monodnaviria>Shotokuvirae>Cossaviricota>Quintoviricetes>Piccovirales>Parvoviridae>Parvovirinae>Bocaparvovirus"
"root><wbr>...><wbr>Chaphamaparvovirus galliform3"	"S"	3052108	19	NA	NA	NA	17	18	NA	NA	NA	19	NA	NA	NA	NA	NA	NA	NA	12	NA	14	NA	NA	"Viruses>Monodnaviria>Shotokuvirae>Cossaviricota>Quintoviricetes>Piccovirales>Parvoviridae>Hamaparvovirinae>Chaphamaparvovirus"
"root><wbr>...><wbr>Gemykibivirus humas1"	"S"	2844581	43	NA	NA	NA	17	NA	NA	NA	NA	NA	NA	NA	NA	NA	NA	NA	NA	43	NA	NA	NA	NA	"Viruses>Monodnaviria>Shotokuvirae>Cressdnaviricota>Repensiviricetes>Geplafuvirales>Genomoviridae>Gemykibivirus"
"root><wbr>...><wbr>Gemykibivirus cowchi1"	"S"	2844565	34	NA	NA	NA	13	NA	NA	NA	NA	NA	NA	NA	10	NA	NA	NA	NA	34	NA	NA	NA	NA	"Viruses>Monodnaviria>Shotokuvirae>Cressdnaviricota>Repensiviricetes>Geplafuvirales>Genomoviridae>Gemykibivirus"
"root><wbr>...><wbr>Gemykibivirus haeme5"	"S"	2844579	37	NA	NA	NA	11	NA	NA	NA	NA	NA	NA	NA	12	12	NA	NA	NA	37	NA	NA	21	NA	"Viruses>Monodnaviria>Shotokuvirae>Cressdnaviricota>Repensiviricetes>Geplafuvirales>Genomoviridae>Gemykibivirus"
"root><wbr>...><wbr>Gemycircularvirus porci1"	"S"	2844505	36	NA	NA	NA	13	NA	19	NA	NA	NA	NA	NA	18	14	NA	NA	NA	36	NA	NA	NA	22	"Viruses>Monodnaviria>Shotokuvirae>Cressdnaviricota>Repensiviricetes>Geplafuvirales>Genomoviridae>Gemycircularvirus"
"root><wbr>...><wbr>Parabacteroides phage YZ-2015b"	"S"	1655645	32	NA	NA	NA	12	NA	NA	10	NA	NA	NA	NA	25	25	NA	NA	NA	32	NA	NA	25	NA	"Viruses>Monodnaviria>Sangervirae>Phixviricota>Malgrandaviricetes>Petitvirales>Microviridae>unclassified&nbsp;Microviridae"
"root><wbr>...><wbr>Mastadenovirus caesari"	"S"	3241411	52	NA	NA	NA	52	16	NA	NA	NA	15	NA	NA	NA	NA	NA	NA	NA	NA	NA	39	NA	45	"Viruses>Varidnaviria>Bamfordvirae>Preplasmiviricota>Polisuviricotina>Pharingeaviricetes>Rowavirales>Adenoviridae>Mastadenovirus"
"root><wbr>...><wbr>Mastadenovirus russelli"	"S"	3241445	31	NA	NA	NA	31	NA	NA	NA	NA	NA	NA	NA	NA	NA	NA	NA	NA	NA	NA	NA	NA	NA	"Viruses>Varidnaviria>Bamfordvirae>Preplasmiviricota>Polisuviricotina>Pharingeaviricetes>Rowavirales>Adenoviridae>Mastadenovirus"
"root><wbr>...><wbr>Chicken astrovirus"	"S"	336959	14	NA	NA	NA	NA	14	NA	NA	NA	NA	NA	NA	NA	NA	NA	NA	NA	NA	NA	NA	NA	NA	"Viruses>Riboviria>Orthornavirae>Pisuviricota>Stelpaviricetes>Stellavirales>Astroviridae>Avastrovirus>unclassified&nbsp;Avastrovirus"
"root><wbr>...><wbr>Gallivirus afowli"	"S"	3428903	176	NA	NA	NA	NA	176	NA	NA	NA	165	NA	NA	NA	NA	45	NA	NA	21	NA	NA	NA	NA	"Viruses>Riboviria>Orthornavirae>Pisuviricota>Pisoniviricetes>Picornavirales>Picornaviridae>Kodimesavirinae>Gallivirus"
"root><wbr>...><wbr>Enterovirus goat/JL14"	"S"	1849328	118	NA	NA	NA	NA	66	NA	103	NA	118	NA	NA	NA	NA	43	NA	NA	NA	NA	NA	NA	NA	"Viruses>Riboviria>Orthornavirae>Pisuviricota>Pisoniviricetes>Picornavirales>Picornaviridae>Ensavirinae>Enterovirus>unclassified&nbsp;Enterovirus"
"root><wbr>...><wbr>Enterovirus lesimi"	"S"	3428514	44	NA	NA	NA	NA	32	NA	16	NA	32	NA	NA	NA	NA	NA	NA	NA	44	NA	NA	NA	NA	"Viruses>Riboviria>Orthornavirae>Pisuviricota>Pisoniviricetes>Picornavirales>Picornaviridae>Ensavirinae>Enterovirus"
"root><wbr>...><wbr>Chicken picornavirus 4"	"S"	1534547	33	NA	NA	NA	NA	33	NA	NA	NA	31	NA	NA	NA	NA	29	NA	NA	NA	NA	NA	NA	NA	"Viruses>Riboviria>Orthornavirae>Pisuviricota>Pisoniviricetes>Picornavirales>Picornaviridae>unclassified&nbsp;Picornaviridae"
"root><wbr>...><wbr>Chicken picornavirus 1"	"S"	1534544	51	NA	NA	NA	NA	10	22	NA	NA	NA	NA	NA	NA	NA	NA	NA	NA	NA	NA	17	NA	51	"Viruses>Riboviria>Orthornavirae>Pisuviricota>Pisoniviricetes>Picornavirales>Picornaviridae>unclassified&nbsp;Picornaviridae"
"root><wbr>...><wbr>Marafivirus maydis"	"S"	3048192	31	NA	NA	NA	NA	12	16	NA	NA	13	NA	NA	18	26	NA	NA	NA	NA	11	NA	31	18	"Viruses>Riboviria>Orthornavirae>Kitrinoviricota>Alsuviricetes>Tymovirales>Tymoviridae>Marafivirus"
"root><wbr>...><wbr>Rotavirus alphagastroenteritidis"	"S"	3432193	23	NA	NA	NA	NA	23	NA	NA	NA	22	NA	NA	NA	NA	NA	NA	NA	NA	NA	NA	NA	NA	"Viruses>Riboviria>Orthornavirae>Duplornaviricota>Resentoviricetes>Reovirales>Sedoreoviridae>Rotavirus"
"root><wbr>...><wbr>Kemicevirus caenihabitans"	"S"	2845057	32	NA	NA	NA	NA	11	22	16	NA	NA	10	NA	22	22	11	11	NA	16	30	NA	32	24	"Viruses>Riboviria>Orthornavirae>Lenarviricota>Leviviricetes>Norzivirales>Fiersviridae>Kemicevirus"
"root><wbr>...><wbr>Bocaparvovirus carnivoran3"	"S"	3052028	13	NA	NA	NA	NA	13	NA	NA	NA	12	NA	NA	NA	NA	NA	NA	NA	NA	NA	NA	NA	NA	"Viruses>Monodnaviria>Shotokuvirae>Cossaviricota>Quintoviricetes>Piccovirales>Parvoviridae>Parvovirinae>Bocaparvovirus"
"root><wbr>...><wbr>Aveparvovirus galliform1"	"S"	3051983	113	NA	NA	NA	NA	17	NA	NA	NA	79	NA	NA	NA	NA	113	NA	NA	NA	NA	NA	NA	NA	"Viruses>Monodnaviria>Shotokuvirae>Cossaviricota>Quintoviricetes>Piccovirales>Parvoviridae>Parvovirinae>Aveparvovirus"
"root><wbr>...><wbr>Gemykrogvirus sewopo1"	"S"	2844636	100	NA	NA	NA	NA	17	NA	NA	NA	17	11	NA	65	64	10	13	30	15	19	11	100	NA	"Viruses>Monodnaviria>Shotokuvirae>Cressdnaviricota>Repensiviricetes>Geplafuvirales>Genomoviridae>Gemykrogvirus"
"root><wbr>...><wbr>Carjivirus hominis"	"S"	2955583	31	NA	NA	NA	NA	20	23	NA	NA	20	11	25	21	22	14	12	20	NA	29	16	24	31	"Viruses>Duplodnaviria>Heunggongvirae>Uroviricota>Caudoviricetes>Crassvirales>Intestiviridae>Crudevirinae>Carjivirus"
"root><wbr>...><wbr>Sewage-associated circular DNA molecule-1"	"S"	1592211	31	NA	NA	NA	NA	10	12	NA	NA	NA	NA	NA	14	15	NA	10	NA	NA	18	NA	31	10	"Viruses>unclassified&nbsp;viruses>unclassified&nbsp;satellites>DNA&nbsp;satellites"
"root><wbr>...><wbr>Tobamovirus fructirugosum"	"S"	3432872	47	NA	NA	NA	NA	NA	20	10	NA	NA	NA	13	47	33	19	NA	NA	17	34	14	20	21	"Viruses>Riboviria>Orthornavirae>Kitrinoviricota>Alsuviricetes>Martellivirales>Virgaviridae>Tobamovirus"
"root><wbr>...><wbr>Tobamovirus youcai"	"S"	3432897	11	NA	NA	NA	NA	NA	11	NA	NA	NA	NA	NA	NA	NA	NA	NA	NA	NA	NA	NA	NA	11	"Viruses>Riboviria>Orthornavirae>Kitrinoviricota>Alsuviricetes>Martellivirales>Virgaviridae>Tobamovirus"
"root><wbr>...><wbr>Potexvirus ecschlumbergerae"	"S"	3433823	30	NA	NA	NA	NA	NA	30	NA	NA	NA	10	NA	NA	NA	NA	11	NA	NA	NA	NA	29	24	"Viruses>Riboviria>Orthornavirae>Kitrinoviricota>Alsuviricetes>Tymovirales>Alphaflexiviridae>Potexvirus"
"root><wbr>...><wbr>Potexvirus ecscacti"	"S"	3433821	27	NA	NA	NA	NA	NA	21	NA	NA	NA	NA	NA	27	26	NA	NA	NA	NA	NA	NA	21	19	"Viruses>Riboviria>Orthornavirae>Kitrinoviricota>Alsuviricetes>Tymovirales>Alphaflexiviridae>Potexvirus"
"root><wbr>...><wbr>Potexvirus babaci"	"S"	3158379	38	NA	NA	NA	NA	NA	15	NA	NA	NA	NA	NA	19	15	17	NA	10	NA	33	11	38	16	"Viruses>Riboviria>Orthornavirae>Kitrinoviricota>Alsuviricetes>Tymovirales>Alphaflexiviridae>Potexvirus"
"root><wbr>...><wbr>Potexvirus ecspotati"	"S"	3433837	18	NA	NA	NA	NA	NA	12	NA	NA	NA	NA	NA	10	NA	NA	NA	NA	NA	NA	NA	18	11	"Viruses>Riboviria>Orthornavirae>Kitrinoviricota>Alsuviricetes>Tymovirales>Alphaflexiviridae>Potexvirus"
"root><wbr>...><wbr>Potexvirus trifolii"	"S"	3433859	12	NA	NA	NA	NA	NA	12	NA	NA	NA	NA	NA	NA	NA	NA	NA	NA	NA	NA	NA	NA	11	"Viruses>Riboviria>Orthornavirae>Kitrinoviricota>Alsuviricetes>Tymovirales>Alphaflexiviridae>Potexvirus"
"root><wbr>...><wbr>Tombusvirus melongenae"	"S"	3047819	60	NA	NA	NA	NA	NA	25	NA	NA	NA	17	NA	35	30	11	13	NA	NA	21	NA	60	26	"Viruses>Riboviria>Orthornavirae>Kitrinoviricota>Tolucaviricetes>Tolivirales>Tombusviridae>Procedovirinae>Tombusvirus"
"root><wbr>...><wbr>Kemicevirus caenicola"	"S"	2845056	14	NA	NA	NA	NA	NA	10	NA	NA	NA	NA	NA	NA	NA	NA	NA	NA	NA	NA	NA	14	10	"Viruses>Riboviria>Orthornavirae>Lenarviricota>Leviviricetes>Norzivirales>Fiersviridae>Kemicevirus"
"root><wbr>...><wbr>Kohmavirus luticola"	"S"	2845112	29	NA	NA	NA	NA	NA	23	NA	NA	NA	13	NA	10	13	NA	11	NA	NA	21	NA	27	29	"Viruses>Riboviria>Orthornavirae>Lenarviricota>Leviviricetes>Norzivirales>Duinviridae>Kohmavirus"
"root><wbr>...><wbr>Uncultured phage WW-nAnB strain 3"	"S"	1449897	17	NA	NA	NA	NA	NA	14	NA	NA	NA	NA	NA	NA	17	NA	NA	NA	NA	12	NA	12	NA	"Viruses>Monodnaviria>Loebvirae>Hofneiviricota>Faserviricetes>Tubulavirales>Inoviridae>environmental&nbsp;samples"
"root><wbr>...><wbr>Aurodevirus intestinalis"	"S"	2955384	39	NA	NA	NA	NA	NA	15	NA	NA	NA	NA	NA	25	30	16	NA	NA	NA	30	NA	39	NA	"Viruses>Duplodnaviria>Heunggongvirae>Uroviricota>Caudoviricetes>Crassvirales>Suoliviridae>Uncouvirinae>Aurodevirus"
"root><wbr>...><wbr>Canhaevirus hiberniae"	"S"	2955579	19	NA	NA	NA	NA	NA	11	NA	NA	NA	NA	NA	11	15	NA	NA	NA	NA	17	NA	19	10	"Viruses>Duplodnaviria>Heunggongvirae>Uroviricota>Caudoviricetes>Crassvirales>Suoliviridae>Boorivirinae>Canhaevirus"
"root><wbr>...><wbr>Kahnovirus oralis"	"S"	2956047	31	NA	NA	NA	NA	NA	13	NA	NA	NA	NA	NA	31	31	NA	NA	NA	NA	21	NA	28	14	"Viruses>Duplodnaviria>Heunggongvirae>Uroviricota>Caudoviricetes>Crassvirales>Steigviridae>Asinivirinae>Kahnovirus"
"root><wbr>...><wbr>Acinetobacter phage YMC13/03/R2096"	"S"	1560342	38	NA	NA	NA	NA	NA	38	NA	NA	NA	NA	12	NA	NA	NA	NA	NA	NA	NA	NA	NA	37	"Viruses>Duplodnaviria>Heunggongvirae>Uroviricota>Caudoviricetes>unclassified&nbsp;Caudoviricetes"
"root><wbr>...><wbr>Gemykibivirus planta2"	"S"	2844596	15	NA	NA	NA	NA	NA	NA	12	NA	NA	NA	NA	15	15	NA	NA	NA	NA	NA	NA	12	NA	"Viruses>Monodnaviria>Shotokuvirae>Cressdnaviricota>Repensiviricetes>Geplafuvirales>Genomoviridae>Gemykibivirus"
"root><wbr>...><wbr>Sharonstreetvirus BUCT551"	"S"	2956441	13	NA	NA	NA	NA	NA	NA	13	NA	NA	NA	NA	NA	NA	NA	NA	NA	NA	NA	NA	NA	NA	"Viruses>Duplodnaviria>Heunggongvirae>Uroviricota>Caudoviricetes>Caudoviricetes&nbsp;incertae&nbsp;sedis>Casjensviridae>Sharonstreetvirus"
"root><wbr>...><wbr>Megrivirus chigalli"	"S"	3430781	39	NA	NA	NA	NA	NA	NA	NA	11	11	NA	39	NA	NA	NA	NA	25	29	NA	NA	NA	NA	"Viruses>Riboviria>Orthornavirae>Pisuviricota>Pisoniviricetes>Picornavirales>Picornaviridae>Kodimesavirinae>Megrivirus"
"root><wbr>...><wbr>Hepatovirus gafrisheta"	"S"	3429218	27	NA	NA	NA	NA	NA	NA	NA	10	25	NA	27	NA	NA	10	NA	NA	NA	NA	NA	NA	NA	"Viruses>Riboviria>Orthornavirae>Pisuviricota>Pisoniviricetes>Picornavirales>Picornaviridae>Heptrevirinae>Hepatovirus"
"root><wbr>...><wbr>Dependoparvovirus rodent2"	"S"	3052178	12	NA	NA	NA	NA	NA	NA	NA	12	NA	NA	NA	NA	NA	NA	NA	NA	NA	NA	NA	NA	NA	"Viruses>Monodnaviria>Shotokuvirae>Cossaviricota>Quintoviricetes>Piccovirales>Parvoviridae>Parvovirinae>Dependoparvovirus"
"root><wbr>...><wbr>Deseoctovirus C1"	"S"	2955751	43	NA	NA	NA	NA	NA	NA	NA	43	NA	NA	NA	NA	NA	15	NA	NA	NA	NA	NA	NA	NA	"Viruses>Duplodnaviria>Heunggongvirae>Uroviricota>Caudoviricetes>Caudoviricetes&nbsp;incertae&nbsp;sedis>Deseoctovirus"
"root><wbr>...><wbr>Enterobacteria phage ES18"	"S"	101570	23	NA	NA	NA	NA	NA	NA	NA	16	NA	NA	NA	NA	NA	NA	NA	NA	NA	23	NA	NA	NA	"Viruses>Duplodnaviria>Heunggongvirae>Uroviricota>Caudoviricetes>unclassified&nbsp;Caudoviricetes"
"root><wbr>...><wbr>Enterovirus AN12"	"S"	1929150	117	NA	NA	NA	NA	NA	NA	NA	NA	19	NA	NA	NA	NA	117	NA	NA	108	NA	NA	NA	NA	"Viruses>Riboviria>Orthornavirae>Pisuviricota>Pisoniviricetes>Picornavirales>Picornaviridae>Ensavirinae>Enterovirus>unclassified&nbsp;Enterovirus"
"root><wbr>...><wbr>Enterovirus jesimi"	"S"	3428512	23	NA	NA	NA	NA	NA	NA	NA	NA	18	NA	NA	NA	NA	23	NA	NA	NA	NA	NA	NA	NA	"Viruses>Riboviria>Orthornavirae>Pisuviricota>Pisoniviricetes>Picornavirales>Picornaviridae>Ensavirinae>Enterovirus"
"root><wbr>...><wbr>Cardiovirus dhusarah"	"S"	3427727	11	NA	NA	NA	NA	NA	NA	NA	NA	11	NA	NA	NA	NA	NA	NA	NA	NA	NA	NA	NA	NA	"Viruses>Riboviria>Orthornavirae>Pisuviricota>Pisoniviricetes>Picornavirales>Picornaviridae>Caphthovirinae>Cardiovirus"
"root><wbr>...><wbr>Dependoparvovirus avian1"	"S"	1511894	14	NA	NA	NA	NA	NA	NA	NA	NA	14	NA	NA	NA	NA	14	NA	NA	NA	NA	NA	NA	NA	"Viruses>Monodnaviria>Shotokuvirae>Cossaviricota>Quintoviricetes>Piccovirales>Parvoviridae>Parvovirinae>Dependoparvovirus"
"root><wbr>...><wbr>Cehakivirus limihabitans"	"S"	2843924	17	NA	NA	NA	NA	NA	NA	NA	NA	NA	10	NA	17	17	NA	NA	NA	NA	10	NA	13	NA	"Viruses>Riboviria>Orthornavirae>Lenarviricota>Leviviricetes>Norzivirales>Fiersviridae>Cehakivirus"
"root><wbr>...><wbr>Gemykibivirus humas2"	"S"	2844582	33	NA	NA	NA	NA	NA	NA	NA	NA	NA	19	NA	NA	NA	NA	14	NA	33	NA	NA	27	NA	"Viruses>Monodnaviria>Shotokuvirae>Cressdnaviricota>Repensiviricetes>Geplafuvirales>Genomoviridae>Gemykibivirus"
"root><wbr>...><wbr>Hattifnattvirus hattifnatt"	"S"	2844287	185	NA	NA	NA	NA	NA	NA	NA	NA	NA	88	NA	NA	NA	NA	NA	NA	NA	127	NA	185	NA	"Viruses>Duplodnaviria>Heunggongvirae>Uroviricota>Caudoviricetes>Caudoviricetes&nbsp;incertae&nbsp;sedis>Hattifnattvirus"
"root><wbr>...><wbr>Yonseivirus seifer"	"S"	2845104	21	NA	NA	NA	NA	NA	NA	NA	NA	NA	19	NA	16	21	NA	21	NA	NA	NA	NA	NA	NA	"Viruses>Duplodnaviria>Heunggongvirae>Uroviricota>Caudoviricetes>Caudoviricetes&nbsp;incertae&nbsp;sedis>Casjensviridae>Yonseivirus"
"root><wbr>...><wbr>Zurivirus zuri"	"S"	2845969	16	NA	NA	NA	NA	NA	NA	NA	NA	NA	16	NA	NA	NA	NA	NA	NA	NA	NA	NA	NA	NA	"Viruses>Duplodnaviria>Heunggongvirae>Uroviricota>Caudoviricetes>Caudoviricetes&nbsp;incertae&nbsp;sedis>Schitoviridae>Zurivirus"
"root><wbr>...><wbr>Inbricusvirus inbricus"	"S"	2845970	14	NA	NA	NA	NA	NA	NA	NA	NA	NA	14	NA	14	11	NA	12	NA	NA	NA	NA	NA	NA	"Viruses>Duplodnaviria>Heunggongvirae>Uroviricota>Caudoviricetes>Caudoviricetes&nbsp;incertae&nbsp;sedis>Schitoviridae>Rothmandenesvirinae>Inbricusvirus"
"root><wbr>...><wbr>Shockervirus shocker"	"S"	3432426	14	NA	NA	NA	NA	NA	NA	NA	NA	NA	14	NA	NA	NA	NA	NA	NA	NA	NA	NA	NA	NA	"Viruses>Duplodnaviria>Heunggongvirae>Uroviricota>Caudoviricetes>Caudoviricetes&nbsp;incertae&nbsp;sedis>Shockervirus"
"root><wbr>...><wbr>Quivirus qui"	"S"	3060665	11	NA	NA	NA	NA	NA	NA	NA	NA	NA	11	NA	NA	NA	NA	10	NA	NA	NA	NA	11	NA	"Viruses>Duplodnaviria>Heunggongvirae>Uroviricota>Caudoviricetes>Caudoviricetes&nbsp;incertae&nbsp;sedis>Quivirus"
"root><wbr>...><wbr>Cohcovirus splanchnicus"	"S"	2955712	24	NA	NA	NA	NA	NA	NA	NA	NA	NA	12	NA	17	24	11	NA	NA	NA	23	NA	18	NA	"Viruses>Duplodnaviria>Heunggongvirae>Uroviricota>Caudoviricetes>Crassvirales>Suoliviridae>Boorivirinae>Cohcovirus"
"root><wbr>...><wbr>Megrivirus berockdo"	"S"	3430780	64	NA	NA	NA	NA	NA	NA	NA	NA	NA	NA	43	NA	NA	NA	NA	64	NA	NA	NA	NA	NA	"Viruses>Riboviria>Orthornavirae>Pisuviricota>Pisoniviricetes>Picornavirales>Picornaviridae>Kodimesavirinae>Megrivirus"
"root><wbr>...><wbr>Goose astrovirus"	"S"	1349999	129	NA	NA	NA	NA	NA	NA	NA	NA	NA	NA	129	NA	NA	NA	NA	NA	NA	NA	NA	NA	NA	"Viruses>Riboviria>Orthornavirae>Pisuviricota>Stelpaviricetes>Stellavirales>Astroviridae>Avastrovirus>unclassified&nbsp;Avastrovirus"
"root><wbr>...><wbr>Endlipuvirus intestinihominis"	"S"	2955861	15	NA	NA	NA	NA	NA	NA	NA	NA	NA	NA	10	15	13	NA	NA	NA	NA	12	NA	14	NA	"Viruses>Duplodnaviria>Heunggongvirae>Uroviricota>Caudoviricetes>Crassvirales>Intestiviridae>Crudevirinae>Endlipuvirus"
"root><wbr>...><wbr>Tobamovirus mititessellati"	"S"	3432879	11	NA	NA	NA	NA	NA	NA	NA	NA	NA	NA	NA	11	10	NA	NA	NA	NA	10	NA	NA	NA	"Viruses>Riboviria>Orthornavirae>Kitrinoviricota>Alsuviricetes>Martellivirales>Virgaviridae>Tobamovirus"
"root><wbr>...><wbr>Tymovirus quitoense"	"S"	3060772	13	NA	NA	NA	NA	NA	NA	NA	NA	NA	NA	NA	11	NA	NA	NA	NA	NA	12	NA	13	NA	"Viruses>Riboviria>Orthornavirae>Kitrinoviricota>Alsuviricetes>Tymovirales>Tymoviridae>Tymovirus"
"root><wbr>...><wbr>Tymovirus naranjillae"	"S"	3060771	16	NA	NA	NA	NA	NA	NA	NA	NA	NA	NA	NA	10	15	NA	NA	NA	NA	NA	NA	16	NA	"Viruses>Riboviria>Orthornavirae>Kitrinoviricota>Alsuviricetes>Tymovirales>Tymoviridae>Tymovirus"
"root><wbr>...><wbr>Tombusvirus necropelargonii"	"S"	3048258	25	NA	NA	NA	NA	NA	NA	NA	NA	NA	NA	NA	22	19	NA	NA	NA	NA	10	NA	25	NA	"Viruses>Riboviria>Orthornavirae>Kitrinoviricota>Tolucaviricetes>Tolivirales>Tombusviridae>Procedovirinae>Tombusvirus"
"root><wbr>...><wbr>Alphanodavirus boolarraense"	"S"	3426213	19	NA	NA	NA	NA	NA	NA	NA	NA	NA	NA	NA	19	18	NA	NA	NA	NA	NA	NA	NA	NA	"Viruses>Riboviria>Orthornavirae>Kitrinoviricota>Magsaviricetes>Nodamuvirales>Nodaviridae>Alphanodavirus"
"root><wbr>...><wbr>Comovirus andesense"	"S"	3047362	45	NA	NA	NA	NA	NA	NA	NA	NA	NA	NA	NA	27	27	32	NA	NA	NA	45	11	18	NA	"Viruses>Riboviria>Orthornavirae>Pisuviricota>Pisoniviricetes>Picornavirales>Secoviridae>Comovirinae>Comovirus"
"root><wbr>...><wbr>Sobemovirus LTSV"	"S"	3432498	21	NA	NA	NA	NA	NA	NA	NA	NA	NA	NA	NA	16	16	16	NA	NA	NA	21	NA	NA	NA	"Viruses>Riboviria>Orthornavirae>Pisuviricota>Pisoniviricetes>Sobelivirales>Solemoviridae>Sobemovirus"
"root><wbr>...><wbr>Ubei picorna-like virus 3"	"S"	1923781	13	NA	NA	NA	NA	NA	NA	NA	NA	NA	NA	NA	13	10	NA	NA	NA	NA	NA	NA	13	NA	"Viruses>Riboviria>unclassified&nbsp;Riboviria>unclassified&nbsp;RNA&nbsp;viruses&nbsp;ShiM&#x2011;2016"
"root><wbr>...><wbr>Aurodevirus hominis"	"S"	2955383	21	NA	NA	NA	NA	NA	NA	NA	NA	NA	NA	NA	18	18	NA	NA	NA	NA	19	NA	21	NA	"Viruses>Duplodnaviria>Heunggongvirae>Uroviricota>Caudoviricetes>Crassvirales>Suoliviridae>Uncouvirinae>Aurodevirus"
"root><wbr>...><wbr>Cohcovirus hiberniae"	"S"	2955711	11	NA	NA	NA	NA	NA	NA	NA	NA	NA	NA	NA	11	NA	NA	NA	NA	NA	NA	NA	NA	NA	"Viruses>Duplodnaviria>Heunggongvirae>Uroviricota>Caudoviricetes>Crassvirales>Suoliviridae>Boorivirinae>Cohcovirus"
"root><wbr>...><wbr>Afonbuvirus intestinihominis"	"S"	2955234	21	NA	NA	NA	NA	NA	NA	NA	NA	NA	NA	NA	21	18	NA	NA	NA	NA	16	NA	NA	NA	"Viruses>Duplodnaviria>Heunggongvirae>Uroviricota>Caudoviricetes>Crassvirales>Suoliviridae>Bearivirinae>Afonbuvirus"
"root><wbr>...><wbr>Afonbuvirus coli"	"S"	2955232	31	NA	NA	NA	NA	NA	NA	NA	NA	NA	NA	NA	17	17	NA	NA	NA	NA	16	NA	31	14	"Viruses>Duplodnaviria>Heunggongvirae>Uroviricota>Caudoviricetes>Crassvirales>Suoliviridae>Bearivirinae>Afonbuvirus"
"root><wbr>...><wbr>Buorbuivirus hominis"	"S"	2955559	17	NA	NA	NA	NA	NA	NA	NA	NA	NA	NA	NA	17	13	NA	NA	NA	NA	15	NA	11	NA	"Viruses>Duplodnaviria>Heunggongvirae>Uroviricota>Caudoviricetes>Crassvirales>Suoliviridae>Loutivirinae>Buorbuivirus"
"root><wbr>...><wbr>Delmidovirus copri"	"S"	2955739	30	NA	NA	NA	NA	NA	NA	NA	NA	NA	NA	NA	15	17	12	NA	NA	NA	30	NA	17	NA	"Viruses>Duplodnaviria>Heunggongvirae>Uroviricota>Caudoviricetes>Crassvirales>Intestiviridae>Crudevirinae>Delmidovirus"
"root><wbr>...><wbr>Dabirmavirus hominis"	"S"	2955735	14	NA	NA	NA	NA	NA	NA	NA	NA	NA	NA	NA	11	14	NA	NA	NA	NA	11	NA	NA	NA	"Viruses>Duplodnaviria>Heunggongvirae>Uroviricota>Caudoviricetes>Crassvirales>Intestiviridae>Crudevirinae>Dabirmavirus"
"root><wbr>...><wbr>Drivevirus gastrointestinalis"	"S"	2955765	13	NA	NA	NA	NA	NA	NA	NA	NA	NA	NA	NA	10	NA	NA	NA	NA	NA	NA	NA	13	NA	"Viruses>Duplodnaviria>Heunggongvirae>Uroviricota>Caudoviricetes>Crassvirales>Intestiviridae>Crudevirinae>Drivevirus"
"root><wbr>...><wbr>Jahgtovirus secundus"	"S"	2955998	16	NA	NA	NA	NA	NA	NA	NA	NA	NA	NA	NA	16	13	NA	NA	NA	NA	13	NA	11	NA	"Viruses>Duplodnaviria>Heunggongvirae>Uroviricota>Caudoviricetes>Crassvirales>Intestiviridae>Churivirinae>Jahgtovirus"
"root><wbr>...><wbr>Jahgtovirus gastrointestinalis"	"S"	2955995	20	NA	NA	NA	NA	NA	NA	NA	NA	NA	NA	NA	14	12	NA	NA	NA	NA	14	NA	20	NA	"Viruses>Duplodnaviria>Heunggongvirae>Uroviricota>Caudoviricetes>Crassvirales>Intestiviridae>Churivirinae>Jahgtovirus"
"root><wbr>...><wbr>Kehishuvirus primarius"	"S"	2956053	21	NA	NA	NA	NA	NA	NA	NA	NA	NA	NA	NA	20	21	NA	NA	NA	NA	13	NA	21	NA	"Viruses>Duplodnaviria>Heunggongvirae>Uroviricota>Caudoviricetes>Crassvirales>Steigviridae>Asinivirinae>Kehishuvirus"
"root><wbr>...><wbr>Junduvirus communis"	"S"	2956034	18	NA	NA	NA	NA	NA	NA	NA	NA	NA	NA	NA	18	18	NA	NA	NA	NA	NA	NA	10	NA	"Viruses>Duplodnaviria>Heunggongvirae>Uroviricota>Caudoviricetes>Crassvirales>Crevaviridae>Coarsevirinae>Junduvirus"
"root><wbr>...><wbr>Yonseivirus N137"	"S"	2845093	13	NA	NA	NA	NA	NA	NA	NA	NA	NA	NA	NA	13	12	NA	NA	NA	NA	NA	NA	NA	NA	"Viruses>Duplodnaviria>Heunggongvirae>Uroviricota>Caudoviricetes>Caudoviricetes&nbsp;incertae&nbsp;sedis>Casjensviridae>Yonseivirus"
"root><wbr>...><wbr>Cbunavirus Kc283"	"S"	3059853	24	NA	NA	NA	NA	NA	NA	NA	NA	NA	NA	NA	24	23	NA	NA	NA	NA	NA	NA	NA	NA	"Viruses>Duplodnaviria>Heunggongvirae>Uroviricota>Caudoviricetes>Caudoviricetes&nbsp;incertae&nbsp;sedis>Schitoviridae>Cbunavirus"
"root><wbr>...><wbr>Efbeekayvirus P184"	"S"	2955844	13	NA	NA	NA	NA	NA	NA	NA	NA	NA	NA	NA	13	13	NA	NA	NA	NA	NA	NA	NA	NA	"Viruses>Duplodnaviria>Heunggongvirae>Uroviricota>Caudoviricetes>Caudoviricetes&nbsp;incertae&nbsp;sedis>Schitoviridae>Efbeekayvirus"
"root><wbr>...><wbr>Acinetobacter phage vB_AbaM_Acibel004"	"S"	1481186	18	NA	NA	NA	NA	NA	NA	NA	NA	NA	NA	NA	15	11	NA	NA	NA	NA	NA	NA	18	NA	"Viruses>Duplodnaviria>Heunggongvirae>Uroviricota>Caudoviricetes>Caudoviricetes&nbsp;incertae&nbsp;sedis>Saclayvirus>unclassified&nbsp;Saclayvirus"
"root><wbr>...><wbr>Labanvirus laban"	"S"	2844289	19	NA	NA	NA	NA	NA	NA	NA	NA	NA	NA	NA	13	10	NA	NA	NA	NA	NA	NA	19	NA	"Viruses>Duplodnaviria>Heunggongvirae>Uroviricota>Caudoviricetes>Caudoviricetes&nbsp;incertae&nbsp;sedis>Duneviridae>Labanvirus"
"root><wbr>...><wbr>Noxifervirus noxifer"	"S"	2560671	12	NA	NA	NA	NA	NA	NA	NA	NA	NA	NA	NA	10	12	NA	NA	NA	NA	11	NA	12	NA	"Viruses>Duplodnaviria>Heunggongvirae>Uroviricota>Caudoviricetes>Caudoviricetes&nbsp;incertae&nbsp;sedis>Chimalliviridae>Noxifervirus"
"root><wbr>...><wbr>Psychrobacter phage Psymv2"	"S"	1071177	13	NA	NA	NA	NA	NA	NA	NA	NA	NA	NA	NA	13	13	NA	NA	NA	NA	NA	NA	11	NA	"Viruses>Duplodnaviria>Heunggongvirae>Uroviricota>Caudoviricetes>unclassified&nbsp;Caudoviricetes"
"root><wbr>...><wbr>Akonivirus akoni"	"S"	2845587	11	NA	NA	NA	NA	NA	NA	NA	NA	NA	NA	NA	11	NA	NA	NA	NA	NA	NA	NA	NA	NA	"Viruses>Duplodnaviria>Heunggongvirae>Uroviricota>Caudoviricetes>Eekayvirinae>Akonivirus"
"root><wbr>...><wbr>Suseptimavirus ECBP2"	"S"	3052757	13	NA	NA	NA	NA	NA	NA	NA	NA	NA	NA	NA	13	NA	NA	NA	NA	NA	NA	NA	NA	NA	"Viruses>Duplodnaviria>Heunggongvirae>Uroviricota>Caudoviricetes>Mtkvariviridae>Gordonclarkvirinae>Suseptimavirus"
"root><wbr>...><wbr>Gemykibivirus canfam1"	"S"	2844564	44	NA	NA	NA	NA	NA	NA	NA	NA	NA	NA	NA	25	23	NA	NA	NA	44	NA	NA	NA	NA	"Viruses>Monodnaviria>Shotokuvirae>Cressdnaviricota>Repensiviricetes>Geplafuvirales>Genomoviridae>Gemykibivirus"
"root><wbr>...><wbr>Gemykibivirus anima1"	"S"	2844558	18	NA	NA	NA	NA	NA	NA	NA	NA	NA	NA	NA	18	16	NA	NA	NA	15	NA	NA	NA	NA	"Viruses>Monodnaviria>Shotokuvirae>Cressdnaviricota>Repensiviricetes>Geplafuvirales>Genomoviridae>Gemykibivirus"
"root><wbr>...><wbr>Gemykibivirus galga1"	"S"	2844570	13	NA	NA	NA	NA	NA	NA	NA	NA	NA	NA	NA	13	12	NA	NA	NA	NA	NA	NA	NA	NA	"Viruses>Monodnaviria>Shotokuvirae>Cressdnaviricota>Repensiviricetes>Geplafuvirales>Genomoviridae>Gemykibivirus"
"root><wbr>...><wbr>Gemykibivirus haeme2"	"S"	2844576	17	NA	NA	NA	NA	NA	NA	NA	NA	NA	NA	NA	10	10	NA	NA	NA	17	NA	NA	NA	NA	"Viruses>Monodnaviria>Shotokuvirae>Cressdnaviricota>Repensiviricetes>Geplafuvirales>Genomoviridae>Gemykibivirus"
"root><wbr>...><wbr>Gemykibivirus hipla1"	"S"	2844580	15	NA	NA	NA	NA	NA	NA	NA	NA	NA	NA	NA	10	10	NA	NA	NA	NA	NA	NA	15	NA	"Viruses>Monodnaviria>Shotokuvirae>Cressdnaviricota>Repensiviricetes>Geplafuvirales>Genomoviridae>Gemykibivirus"
"root><wbr>...><wbr>Gemykrogvirus bovas1"	"S"	2844626	46	NA	NA	NA	NA	NA	NA	NA	NA	NA	NA	NA	46	31	NA	NA	NA	NA	NA	NA	NA	NA	"Viruses>Monodnaviria>Shotokuvirae>Cressdnaviricota>Repensiviricetes>Geplafuvirales>Genomoviridae>Gemykrogvirus"
"root><wbr>...><wbr>Cyclovirus humana"	"S"	3047957	25	NA	NA	NA	NA	NA	NA	NA	NA	NA	NA	NA	25	21	NA	NA	NA	NA	NA	NA	NA	NA	"Viruses>Monodnaviria>Shotokuvirae>Cressdnaviricota>Arfiviricetes>Cirlivirales>Circoviridae>Cyclovirus"
"root><wbr>...><wbr>Human fecal virus Jorvi2"	"S"	2017081	24	NA	NA	NA	NA	NA	NA	NA	NA	NA	NA	NA	19	24	10	NA	NA	10	14	NA	13	NA	"Viruses>Monodnaviria>Shotokuvirae>Cressdnaviricota>Arfiviricetes>Cirlivirales>Circoviridae>unclassified&nbsp;Circoviridae"
"root><wbr>...><wbr>Parabacteroides phage YZ-2015a"	"S"	1655644	12	NA	NA	NA	NA	NA	NA	NA	NA	NA	NA	NA	10	NA	NA	NA	NA	12	NA	NA	10	NA	"Viruses>Monodnaviria>Sangervirae>Phixviricota>Malgrandaviricetes>Petitvirales>Microviridae>unclassified&nbsp;Microviridae"
"root><wbr>...><wbr>Sewage-associated circular DNA virus-30"	"S"	1592097	21	NA	NA	NA	NA	NA	NA	NA	NA	NA	NA	NA	18	20	NA	NA	NA	21	12	NA	15	NA	"Viruses>unclassified&nbsp;viruses>unclassified&nbsp;DNA&nbsp;viruses>unclassified&nbsp;ssDNA&nbsp;viruses"
"root><wbr>...><wbr>Tobamovirus cucumeris"	"S"	3432868	11	NA	NA	NA	NA	NA	NA	NA	NA	NA	NA	NA	NA	11	NA	NA	NA	NA	NA	NA	10	NA	"Viruses>Riboviria>Orthornavirae>Kitrinoviricota>Alsuviricetes>Martellivirales>Virgaviridae>Tobamovirus"
"root><wbr>...><wbr>Orsay virus"	"S"	977912	12	NA	NA	NA	NA	NA	NA	NA	NA	NA	NA	NA	NA	11	NA	NA	NA	NA	NA	NA	12	NA	"Viruses>Riboviria>Orthornavirae>Kitrinoviricota>Magsaviricetes>Nodamuvirales>Nodaviridae>unclassified&nbsp;Nodaviridae"
"root><wbr>...><wbr>Jahgtovirus intestinihominis"	"S"	2955997	12	NA	NA	NA	NA	NA	NA	NA	NA	NA	NA	NA	NA	12	NA	NA	NA	NA	NA	NA	NA	NA	"Viruses>Duplodnaviria>Heunggongvirae>Uroviricota>Caudoviricetes>Crassvirales>Intestiviridae>Churivirinae>Jahgtovirus"
"root><wbr>...><wbr>Kehishuvirus splanchnicus"	"S"	2956054	12	NA	NA	NA	NA	NA	NA	NA	NA	NA	NA	NA	NA	12	NA	NA	NA	NA	NA	NA	NA	NA	"Viruses>Duplodnaviria>Heunggongvirae>Uroviricota>Caudoviricetes>Crassvirales>Steigviridae>Asinivirinae>Kehishuvirus"
"root><wbr>...><wbr>Escherichia phage 26"	"S"	2873413	26	NA	NA	NA	NA	NA	NA	NA	NA	NA	NA	NA	NA	26	NA	NA	NA	NA	NA	NA	NA	NA	"Viruses>Duplodnaviria>Heunggongvirae>Uroviricota>Caudoviricetes>Caudoviricetes&nbsp;incertae&nbsp;sedis>Sarkviridae>Guernseyvirinae>Kagunavirus>unclassified&nbsp;Kagunavirus"
"root><wbr>...><wbr>Gemykibivirus monas1"	"S"	2844590	10	NA	NA	NA	NA	NA	NA	NA	NA	NA	NA	NA	NA	10	NA	NA	NA	NA	NA	NA	NA	NA	"Viruses>Monodnaviria>Shotokuvirae>Cressdnaviricota>Repensiviricetes>Geplafuvirales>Genomoviridae>Gemykibivirus"
"root><wbr>...><wbr>uncultured phage WW-nAnB"	"S"	1074044	14	NA	NA	NA	NA	NA	NA	NA	NA	NA	NA	NA	NA	11	NA	NA	NA	NA	14	NA	NA	NA	"Viruses>Monodnaviria>Loebvirae>Hofneiviricota>Faserviricetes>Tubulavirales>Inoviridae>environmental&nbsp;samples"
"root><wbr>...><wbr>Feline picornavirus"	"S"	1108810	28	NA	NA	NA	NA	NA	NA	NA	NA	NA	NA	NA	NA	NA	28	NA	NA	NA	NA	NA	NA	NA	"Viruses>Riboviria>Orthornavirae>Pisuviricota>Pisoniviricetes>Picornavirales>Picornaviridae>unclassified&nbsp;Picornaviridae"
"root><wbr>...><wbr>Parechovirus cebokele"	"S"	3431397	17	NA	NA	NA	NA	NA	NA	NA	NA	NA	NA	NA	NA	NA	17	NA	NA	NA	NA	NA	NA	NA	"Viruses>Riboviria>Orthornavirae>Pisuviricota>Pisoniviricetes>Picornavirales>Picornaviridae>Paavivirinae>Parechovirus"
"root><wbr>...><wbr>Rotavirus tritogastroenteritidis"	"S"	3432203	11	NA	NA	NA	NA	NA	NA	NA	NA	NA	NA	NA	NA	NA	11	NA	NA	NA	NA	NA	NA	NA	"Viruses>Riboviria>Orthornavirae>Duplornaviricota>Resentoviricetes>Reovirales>Sedoreoviridae>Rotavirus"
"root><wbr>...><wbr>Skatevirus BS5"	"S"	2956456	96	NA	NA	NA	NA	NA	NA	NA	NA	NA	NA	NA	NA	NA	56	NA	NA	NA	NA	NA	NA	96	"Viruses>Duplodnaviria>Heunggongvirae>Uroviricota>Caudoviricetes>Caudoviricetes&nbsp;incertae&nbsp;sedis>Skatevirus"
"root><wbr>...><wbr>Skatevirus skate"	"S"	2956462	55	NA	NA	NA	NA	NA	NA	NA	NA	NA	NA	NA	NA	NA	NA	NA	55	NA	NA	NA	NA	NA	"Viruses>Duplodnaviria>Heunggongvirae>Uroviricota>Caudoviricetes>Caudoviricetes&nbsp;incertae&nbsp;sedis>Skatevirus"
"root><wbr>...><wbr>Yak enterovirus"	"S"	1604871	13	NA	NA	NA	NA	NA	NA	NA	NA	NA	NA	NA	NA	NA	NA	NA	NA	13	NA	NA	NA	NA	"Viruses>Riboviria>Orthornavirae>Pisuviricota>Pisoniviricetes>Picornavirales>Picornaviridae>Ensavirinae>Enterovirus>unclassified&nbsp;Enterovirus"
"root><wbr>...><wbr>Sobemovirus SBMV"	"S"	3432507	12	NA	NA	NA	NA	NA	NA	NA	NA	NA	NA	NA	NA	NA	NA	NA	NA	12	NA	NA	NA	NA	"Viruses>Riboviria>Orthornavirae>Pisuviricota>Pisoniviricetes>Sobelivirales>Solemoviridae>Sobemovirus"
"root><wbr>...><wbr>Protoparvovirus ungulate1"	"S"	3052720	12	NA	NA	NA	NA	NA	NA	NA	NA	NA	NA	NA	NA	NA	NA	NA	NA	12	NA	NA	NA	NA	"Viruses>Monodnaviria>Shotokuvirae>Cossaviricota>Quintoviricetes>Piccovirales>Parvoviridae>Parvovirinae>Protoparvovirus"
"root><wbr>...><wbr>Gemykibivirus humas5"	"S"	2844585	21	NA	NA	NA	NA	NA	NA	NA	NA	NA	NA	NA	NA	NA	NA	NA	NA	21	NA	NA	NA	NA	"Viruses>Monodnaviria>Shotokuvirae>Cressdnaviricota>Repensiviricetes>Geplafuvirales>Genomoviridae>Gemykibivirus"
"root><wbr>...><wbr>Gemycircularvirus HV-GcV1"	"S"	1862824	15	NA	NA	NA	NA	NA	NA	NA	NA	NA	NA	NA	NA	NA	NA	NA	NA	15	NA	NA	NA	NA	"Viruses>Monodnaviria>Shotokuvirae>Cressdnaviricota>Repensiviricetes>Geplafuvirales>Genomoviridae>Gemycircularvirus>unclassified&nbsp;Gemycircularvirus"
"root><wbr>...><wbr>Gemycircularvirus sp."	"S"	1983771	13	NA	NA	NA	NA	NA	NA	NA	NA	NA	NA	NA	NA	NA	NA	NA	NA	13	NA	NA	NA	NA	"Viruses>Monodnaviria>Shotokuvirae>Cressdnaviricota>Repensiviricetes>Geplafuvirales>Genomoviridae>Gemycircularvirus>unclassified&nbsp;Gemycircularvirus"
"root><wbr>...><wbr>Gemycircularvirus chicas1"	"S"	2844427	14	NA	NA	NA	NA	NA	NA	NA	NA	NA	NA	NA	NA	NA	NA	NA	NA	14	NA	NA	NA	NA	"Viruses>Monodnaviria>Shotokuvirae>Cressdnaviricota>Repensiviricetes>Geplafuvirales>Genomoviridae>Gemycircularvirus"
"root><wbr>...><wbr>Gemycircularvirus bromas1"	"S"	2844424	11	NA	NA	NA	NA	NA	NA	NA	NA	NA	NA	NA	NA	NA	NA	NA	NA	11	NA	NA	NA	NA	"Viruses>Monodnaviria>Shotokuvirae>Cressdnaviricota>Repensiviricetes>Geplafuvirales>Genomoviridae>Gemycircularvirus"
"root><wbr>...><wbr>Gemygorvirus cania1"	"S"	2844548	28	NA	NA	NA	NA	NA	NA	NA	NA	NA	NA	NA	NA	NA	NA	NA	NA	28	NA	NA	NA	NA	"Viruses>Monodnaviria>Shotokuvirae>Cressdnaviricota>Repensiviricetes>Geplafuvirales>Genomoviridae>Gemygorvirus"
"root><wbr>...><wbr>Gemygorvirus malas1"	"S"	2844550	12	NA	NA	NA	NA	NA	NA	NA	NA	NA	NA	NA	NA	NA	NA	NA	NA	12	NA	NA	NA	NA	"Viruses>Monodnaviria>Shotokuvirae>Cressdnaviricota>Repensiviricetes>Geplafuvirales>Genomoviridae>Gemygorvirus"
"root><wbr>...><wbr>Afonbuvirus faecalis"	"S"	2955233	30	NA	NA	NA	NA	NA	NA	NA	NA	NA	NA	NA	NA	NA	NA	NA	NA	NA	30	NA	NA	NA	"Viruses>Duplodnaviria>Heunggongvirae>Uroviricota>Caudoviricetes>Crassvirales>Suoliviridae>Bearivirinae>Afonbuvirus"
"root><wbr>...><wbr>Canhaevirus faecalis"	"S"	2955578	10	NA	NA	NA	NA	NA	NA	NA	NA	NA	NA	NA	NA	NA	NA	NA	NA	NA	10	NA	NA	10	"Viruses>Duplodnaviria>Heunggongvirae>Uroviricota>Caudoviricetes>Crassvirales>Suoliviridae>Boorivirinae>Canhaevirus"
"root><wbr>...><wbr>Paundivirus hollandii"	"S"	2956268	13	NA	NA	NA	NA	NA	NA	NA	NA	NA	NA	NA	NA	NA	NA	NA	NA	NA	13	NA	NA	NA	"Viruses>Duplodnaviria>Heunggongvirae>Uroviricota>Caudoviricetes>Crassvirales>Steigviridae>Asinivirinae>Paundivirus"
"root><wbr>...><wbr>Cbunavirus possum"	"S"	3059854	25	NA	NA	NA	NA	NA	NA	NA	NA	NA	NA	NA	NA	NA	NA	NA	NA	NA	25	NA	23	NA	"Viruses>Duplodnaviria>Heunggongvirae>Uroviricota>Caudoviricetes>Caudoviricetes&nbsp;incertae&nbsp;sedis>Schitoviridae>Cbunavirus"
"root><wbr>...><wbr>Popoffvirus pv56"	"S"	2560283	11	NA	NA	NA	NA	NA	NA	NA	NA	NA	NA	NA	NA	NA	NA	NA	NA	NA	11	NA	NA	NA	"Viruses>Duplodnaviria>Heunggongvirae>Uroviricota>Caudoviricetes>Caudoviricetes&nbsp;incertae&nbsp;sedis>Popoffvirus"
"root><wbr>...><wbr>Edenvirus eden"	"S"	2734230	11	NA	NA	NA	NA	NA	NA	NA	NA	NA	NA	NA	NA	NA	NA	NA	NA	NA	11	NA	NA	NA	"Viruses>Duplodnaviria>Heunggongvirae>Uroviricota>Caudoviricetes>Caudoviricetes&nbsp;incertae&nbsp;sedis>Edenvirus"
"root><wbr>...><wbr>Enterobacteria phage phi80"	"S"	10713	29	NA	NA	NA	NA	NA	NA	NA	NA	NA	NA	NA	NA	NA	NA	NA	NA	NA	29	NA	NA	NA	"Viruses>Duplodnaviria>Heunggongvirae>Uroviricota>Caudoviricetes>unclassified&nbsp;Caudoviricetes"
"root><wbr>...><wbr>Salmonella phage SPN3UB"	"S"	1147140	15	NA	NA	NA	NA	NA	NA	NA	NA	NA	NA	NA	NA	NA	NA	NA	NA	NA	15	NA	NA	NA	"Viruses>Duplodnaviria>Heunggongvirae>Uroviricota>Caudoviricetes>unclassified&nbsp;Caudoviricetes"
"root><wbr>...><wbr>Comovirus cucurbitae"	"S"	3048340	11	NA	NA	NA	NA	NA	NA	NA	NA	NA	NA	NA	NA	NA	NA	NA	NA	NA	NA	NA	11	NA	"Viruses>Riboviria>Orthornavirae>Pisuviricota>Pisoniviricetes>Picornavirales>Secoviridae>Comovirinae>Comovirus"
"root><wbr>...><wbr>Hubei arthropod virus 1"	"S"	1922835	14	NA	NA	NA	NA	NA	NA	NA	NA	NA	NA	NA	NA	NA	NA	NA	NA	NA	NA	NA	14	NA	"Viruses>Riboviria>unclassified&nbsp;Riboviria>unclassified&nbsp;RNA&nbsp;viruses&nbsp;ShiM&#x2011;2016"
"root><wbr>...><wbr>Chuhaivirus simiae"	"S"	2955701	10	NA	NA	NA	NA	NA	NA	NA	NA	NA	NA	NA	NA	NA	NA	NA	NA	NA	NA	NA	10	NA	"Viruses>Duplodnaviria>Heunggongvirae>Uroviricota>Caudoviricetes>Crassvirales>Suoliviridae>Oafivirinae>Chuhaivirus"
"root><wbr>...><wbr>Ceetrepovirus darwin"	"S"	3427838	32	NA	NA	NA	NA	NA	NA	NA	NA	NA	NA	NA	NA	NA	NA	NA	NA	NA	NA	NA	32	NA	"Viruses>Duplodnaviria>Heunggongvirae>Uroviricota>Caudoviricetes>Caudoviricetes&nbsp;incertae&nbsp;sedis>Zierdtviridae>Toshachvirinae>Ceetrepovirus"
"root><wbr>...><wbr>Ceetrepovirus kimchi1738"	"S"	2955595	28	NA	NA	NA	NA	NA	NA	NA	NA	NA	NA	NA	NA	NA	NA	NA	NA	NA	NA	NA	28	NA	"Viruses>Duplodnaviria>Heunggongvirae>Uroviricota>Caudoviricetes>Caudoviricetes&nbsp;incertae&nbsp;sedis>Zierdtviridae>Toshachvirinae>Ceetrepovirus"
"root><wbr>...><wbr>Exceevirus Xc38"	"S"	2955875	19	NA	NA	NA	NA	NA	NA	NA	NA	NA	NA	NA	NA	NA	NA	NA	NA	NA	NA	NA	19	NA	"Viruses>Duplodnaviria>Heunggongvirae>Uroviricota>Caudoviricetes>Caudoviricetes&nbsp;incertae&nbsp;sedis>Schitoviridae>Exceevirus"
"root><wbr>...><wbr>Enquatrovirus N4"	"S"	10752	12	NA	NA	NA	NA	NA	NA	NA	NA	NA	NA	NA	NA	NA	NA	NA	NA	NA	NA	NA	12	NA	"Viruses>Duplodnaviria>Heunggongvirae>Uroviricota>Caudoviricetes>Caudoviricetes&nbsp;incertae&nbsp;sedis>Schitoviridae>Enquatrovirinae>Enquatrovirus"
"root><wbr>...><wbr>Uncultured phage WW-nAnB strain 2"	"S"	1449896	15	NA	NA	NA	NA	NA	NA	NA	NA	NA	NA	NA	NA	NA	NA	NA	NA	NA	NA	NA	15	NA	"Viruses>Monodnaviria>Loebvirae>Hofneiviricota>Faserviricetes>Tubulavirales>Inoviridae>environmental&nbsp;samples"
"root><wbr>...><wbr>Dependoparvovirus rodent1"	"S"	3052177	13	NA	NA	NA	NA	NA	NA	NA	NA	NA	NA	NA	NA	NA	NA	NA	NA	NA	NA	NA	NA	13	"Viruses>Monodnaviria>Shotokuvirae>Cossaviricota>Quintoviricetes>Piccovirales>Parvoviridae>Parvovirinae>Dependoparvovirus"
